IDFATTURA;DATAEMISSIONE;NOMELOTTO;ESITO
CF/2021/13747;12/05/2021;3734756_139987;MC
CF/2021/15573;12/05/2021;3734756_139987;MC
CF/2021/15658;12/05/2021;3734756_139987;MC
CF/2021/15667;12/05/2021;3734756_139987;MC
CF/2021/15709;12/05/2021;3734756_139987;MC
CF/2021/14310;12/05/2021;3734756_139987;MC
CF/2021/14354;12/05/2021;3734756_139987;MC
CF/2021/14371;12/05/2021;3734756_139987;MC
CF/2021/16018;12/05/2021;3734756_139987;MC
CF/2021/16060;12/05/2021;3734756_139987;MC
CF/2021/16034;12/05/2021;3734756_139987;MC
CF/2021/16167;12/05/2021;3734756_139987;MC
CF/2021/16211;12/05/2021;3734756_139987;MC
CF/2021/16303;12/05/2021;3734756_139987;MC
CF/2021/16318;12/05/2021;3734756_139987;MC
CF/2021/14683;12/05/2021;3734756_139987;MC
CF/2021/14716;12/05/2021;3734756_139987;MC
CF/2021/16328;12/05/2021;3734756_139987;MC
CF/2021/14837;12/05/2021;3734756_139987;MC
CF/2021/16559;12/05/2021;3734756_139987;MC
CF/2021/14925;12/05/2021;3734756_139987;MC
CF/2021/14973;12/05/2021;3734756_139987;MC
CF/2021/15009;12/05/2021;3734756_139987;MC
CF/2021/15036;12/05/2021;3734756_139987;MC
CF/2021/13588;12/05/2021;3734948_139988;MC
CF/2021/15234;12/05/2021;3734756_139987;MC
CF/2021/15274;12/05/2021;3734756_139987;MC
CF/2021/13294;12/05/2021;3734954_139989;RC
CF/2021/13626;12/05/2021;3734756_139987;MC
CF/2021/13726;12/05/2021;3734756_139987;MC
CF/2021/13847;12/05/2021;3734756_139987;MC
CF/2021/13937;12/05/2021;3734756_139987;MC
CF/2021/14033;12/05/2021;3734756_139987;MC
CF/2021/15739;12/05/2021;3734756_139987;MC
CF/2021/15743;12/05/2021;3734756_139987;MC
CF/2021/14137;12/05/2021;3734756_139987;MC
CF/2021/14155;12/05/2021;3734756_139987;MC
CF/2021/15934;12/05/2021;3734756_139987;MC
CF/2021/15939;12/05/2021;3734756_139987;MC
CF/2021/16125;12/05/2021;3734756_139987;MC
CF/2021/14518;12/05/2021;3734756_139987;MC
CF/2021/16156;12/05/2021;3734756_139987;MC
CF/2021/16239;12/05/2021;3734756_139987;MC
CF/2021/14636;12/05/2021;3734756_139987;MC
CF/2021/14639;12/05/2021;3734756_139987;MC
CF/2021/14620;12/05/2021;3734756_139987;MC
CF/2021/14659;12/05/2021;3734756_139987;MC
CF/2021/14685;12/05/2021;3734756_139987;MC
CF/2021/16273;12/05/2021;3734756_139987;MC
CF/2021/16283;12/05/2021;3734756_139987;MC
CF/2021/16288;12/05/2021;3734756_139987;MC
CF/2021/16427;12/05/2021;3734756_139987;MC
CF/2021/15098;12/05/2021;3734756_139987;MC
CF/2021/16713;12/05/2021;3734756_139987;MC
CF/2021/15219;12/05/2021;3734756_139987;MC
CF/2021/15229;12/05/2021;3734756_139987;MC
CF/2021/13573;12/05/2021;3734948_139988;MC
CF/2021/15283;12/05/2021;3734756_139987;MC
CF/2021/13393;12/05/2021;3734954_139989;MC
CF/2021/13400;12/05/2021;3734954_139989;MC
CF/2021/13411;12/05/2021;3734954_139989;MC
CF/2021/15607;12/05/2021;3734756_139987;MC
CF/2021/14055;12/05/2021;3734756_139987;MC
CF/2021/14057;12/05/2021;3734756_139987;MC
CF/2021/14201;12/05/2021;3734756_139987;MC
CF/2021/14337;12/05/2021;3734756_139987;MC
CF/2021/14379;12/05/2021;3734756_139987;MC
CF/2021/15973;12/05/2021;3734756_139987;MC
CF/2021/14702;12/05/2021;3734756_139987;MC
CF/2021/14920;12/05/2021;3734756_139987;MC
CF/2021/15326;12/05/2021;3734756_139987;MC
CF/2021/15347;12/05/2021;3734756_139987;MC
CF/2021/13424;12/05/2021;3734954_139989;MC
CF/2021/14280;12/05/2021;3734756_139987;MC
CF/2021/14750;12/05/2021;3734756_139987;MC
CF/2021/13819;12/05/2021;3734756_139987;MC
CF/2021/13949;12/05/2021;3734756_139987;MC
CF/2021/13969;12/05/2021;3734756_139987;MC
CF/2021/13973;12/05/2021;3734756_139987;MC
CF/2021/13979;12/05/2021;3734756_139987;MC
CF/2021/14042;12/05/2021;3734756_139987;MC
CF/2021/14052;12/05/2021;3734756_139987;MC
CF/2021/15696;12/05/2021;3734756_139987;RC
CF/2021/15718;12/05/2021;3734756_139987;MC
CF/2021/14221;12/05/2021;3734756_139987;MC
CF/2021/14255;12/05/2021;3734756_139987;MC
CF/2021/14315;12/05/2021;3734756_139987;MC
CF/2021/15955;12/05/2021;3734756_139987;MC
CF/2021/16009;12/05/2021;3734756_139987;MC
CF/2021/14421;12/05/2021;3734756_139987;MC
CF/2021/14550;12/05/2021;3734756_139987;MC
CF/2021/16263;12/05/2021;3734756_139987;MC
CF/2021/14734;12/05/2021;3734756_139987;MC
CF/2021/14836;12/05/2021;3734756_139987;MC
CF/2021/16459;12/05/2021;3734756_139987;MC
CF/2021/14875;12/05/2021;3734756_139987;MC
CF/2021/16471;12/05/2021;3734756_139987;MC
CF/2021/14889;12/05/2021;3734756_139987;MC
CF/2021/16528;12/05/2021;3734756_139987;MC
CF/2021/16587;12/05/2021;3734756_139987;MC
CF/2021/15005;12/05/2021;3734756_139987;MC
CF/2021/16625;12/05/2021;3734756_139987;MC
CF/2021/15062;12/05/2021;3734756_139987;MC
CF/2021/15126;12/05/2021;3734756_139987;MC
CF/2021/16723;12/05/2021;3734756_139987;MC
CF/2021/13535;12/05/2021;3734948_139988;MC
CF/2021/15319;12/05/2021;3734756_139987;MC
CF/2021/13329;12/05/2021;3734954_139989;MC
CF/2021/13339;12/05/2021;3734954_139989;MC
CF/2021/13435;12/05/2021;3734954_139989;RC
CF/2021/13439;12/05/2021;3734954_139989;RC
CF/2021/15458;12/05/2021;3734756_139987;MC
CF/2021/15499;12/05/2021;3734756_139987;MC
CF/2021/13612;12/05/2021;3734756_139987;MC
CF/2021/13734;12/05/2021;3734756_139987;MC
CF/2021/13814;12/05/2021;3734756_139987;MC
CF/2021/15585;12/05/2021;3734756_139987;MC
CF/2021/15589;12/05/2021;3734756_139987;MC
CF/2021/15648;12/05/2021;3734756_139987;MC
CF/2021/14102;12/05/2021;3734756_139987;MC
CF/2021/15715;12/05/2021;3734756_139987;MC
CF/2021/15808;12/05/2021;3734756_139987;MC
CF/2021/14269;12/05/2021;3734756_139987;MC
CF/2021/14388;12/05/2021;3734756_139987;MC
CF/2021/16037;12/05/2021;3734756_139987;MC
CF/2021/14861;12/05/2021;3734756_139987;MC
CF/2021/16502;12/05/2021;3734756_139987;MC
CF/2021/15002;12/05/2021;3734756_139987;MC
CF/2021/16650;12/05/2021;3734756_139987;MC
CF/2021/13487;12/05/2021;3734948_139988;MC
CF/2021/13542;12/05/2021;3734948_139988;MC
CF/2021/13547;12/05/2021;3734948_139988;MC
CF/2021/15223;12/05/2021;3734756_139987;MC
CF/2021/15328;12/05/2021;3734756_139987;MC
CF/2021/15369;12/05/2021;3734756_139987;MC
CF/2021/14162;12/05/2021;3734756_139987;MC
CF/2021/14363;12/05/2021;3734756_139987;MC
CF/2021/16309;12/05/2021;3734756_139987;MC
CF/2021/14698;12/05/2021;3734756_139987;MC
CF/2021/16285;12/05/2021;3734756_139987;MC
CF/2021/16449;12/05/2021;3734756_139987;MC
CF/2021/16467;12/05/2021;3734756_139987;MC
CF/2021/14903;12/05/2021;3734756_139987;MC
CF/2021/15436;12/05/2021;3734756_139987;MC
CF/2021/15448;12/05/2021;3734756_139987;MC
CF/2021/13674;12/05/2021;3734756_139987;MC
CF/2021/14416;12/05/2021;3734756_139987;MC
CF/2021/14428;12/05/2021;3734756_139987;MC
CF/2021/16333;12/05/2021;3734756_139987;MC
CF/2021/14731;12/05/2021;3734756_139987;MC
CF/2021/13280;12/05/2021;3734954_139989;MC
CF/2021/13876;12/05/2021;3734756_139987;MC
CF/2021/13961;12/05/2021;3734756_139987;MC
CF/2021/14091;12/05/2021;3734756_139987;MC
CF/2021/14117;12/05/2021;3734756_139987;MC
CF/2021/14227;12/05/2021;3734756_139987;MC
CF/2021/14395;12/05/2021;3734756_139987;RC
CF/2021/16112;12/05/2021;3734756_139987;MC
CF/2021/16241;12/05/2021;3734756_139987;MC
CF/2021/14868;12/05/2021;3734756_139987;MC
CF/2021/14999;12/05/2021;3734756_139987;MC
CF/2021/16717;12/05/2021;3734756_139987;MC
CF/2021/15141;12/05/2021;3734756_139987;MC
CF/2021/13350;12/05/2021;3734954_139989;MC
CF/2021/15553;12/05/2021;3734756_139987;MC
CF/2021/13945;12/05/2021;3734756_139987;MC
CF/2021/15936;12/05/2021;3734756_139987;MC
CF/2021/14372;12/05/2021;3734756_139987;MC
CF/2021/16270;12/05/2021;3734756_139987;MC
CF/2021/16289;12/05/2021;3734756_139987;MC
CF/2021/16293;12/05/2021;3734756_139987;MC
CF/2021/16319;12/05/2021;3734756_139987;MC
CF/2021/16472;12/05/2021;3734756_139987;MC
CF/2021/16480;12/05/2021;3734756_139987;MC
CF/2021/15016;12/05/2021;3734756_139987;MC
CF/2021/16642;12/05/2021;3734756_139987;MC
CF/2021/13590;12/05/2021;3734948_139988;MC
CF/2021/15452;12/05/2021;3734756_139987;MC
CF/2021/13693;12/05/2021;3734756_139987;MC
CF/2021/13768;12/05/2021;3734756_139987;MC
CF/2021/13794;12/05/2021;3734756_139987;MC
CF/2021/16004;12/05/2021;3734756_139987;MC
CF/2021/15982;12/05/2021;3734756_139987;MC
CF/2021/14402;12/05/2021;3734756_139987;MC
CF/2021/16045;12/05/2021;3734756_139987;MC
CF/2021/16047;12/05/2021;3734756_139987;MC
CF/2021/14710;12/05/2021;3734756_139987;MC
CF/2021/16373;12/05/2021;3734756_139987;MC
CF/2021/16349;12/05/2021;3734756_139987;MC
CF/2021/14942;12/05/2021;3734756_139987;MC
CF/2021/16571;12/05/2021;3734756_139987;MC
CF/2021/16691;12/05/2021;3734756_139987;MC
CF/2021/13472;12/05/2021;3734948_139988;RC
CF/2021/15110;12/05/2021;3734756_139987;MC
CF/2021/13260;12/05/2021;3734954_139989;MC
CF/2021/13702;12/05/2021;3734756_139987;MC
CF/2021/15621;12/05/2021;3734756_139987;MC
CF/2021/15821;12/05/2021;3734756_139987;RC
CF/2021/14250;12/05/2021;3734756_139987;MC
CF/2021/13982;12/05/2021;3734756_139987;MC
CF/2021/14132;12/05/2021;3734756_139987;MC
CF/2021/15753;12/05/2021;3734756_139987;MC
CF/2021/14234;12/05/2021;3734756_139987;MC
CF/2021/16090;12/05/2021;3734756_139987;MC
CF/2021/14516;12/05/2021;3734756_139987;MC
CF/2021/14624;12/05/2021;3734756_139987;MC
CF/2021/14628;12/05/2021;3734756_139987;MC
CF/2021/14981;12/05/2021;3734756_139987;MC
CF/2021/13299;12/05/2021;3734954_139989;MC
CF/2021/13306;12/05/2021;3734954_139989;MC
CF/2021/13356;12/05/2021;3734954_139989;MC
CF/2021/13358;12/05/2021;3734954_139989;MC
CF/2021/13352;12/05/2021;3734954_139989;RC
CF/2021/13390;12/05/2021;3734954_139989;RC
CF/2021/13440;12/05/2021;3734954_139989;RC
CF/2021/15923;12/05/2021;3734756_139987;MC
CF/2021/13471;12/05/2021;3734948_139988;RC
CF/2021/13298;12/05/2021;3734954_139989;RC
CF/2021/15552;12/05/2021;3734756_139987;MC
CF/2021/13438;12/05/2021;3734954_139989;RC
CF/2021/13951;12/05/2021;3734756_139987;MC
CF/2021/13956;12/05/2021;3734756_139987;RC
CF/2021/13957;12/05/2021;3734756_139987;RC
CF/2021/13958;12/05/2021;3734756_139987;MC
CF/2021/13967;12/05/2021;3734756_139987;MC
CF/2021/14003;12/05/2021;3734756_139987;MC
CF/2021/14009;12/05/2021;3734756_139987;MC
CF/2021/13984;12/05/2021;3734756_139987;MC
CF/2021/14011;12/05/2021;3734756_139987;RC
CF/2021/14014;12/05/2021;3734756_139987;MC
CF/2021/13989;12/05/2021;3734756_139987;MC
CF/2021/13996;12/05/2021;3734756_139987;MC
CF/2021/13997;12/05/2021;3734756_139987;MC
CF/2021/14001;12/05/2021;3734756_139987;MC
CF/2021/14028;12/05/2021;3734756_139987;MC
CF/2021/14066;12/05/2021;3734756_139987;MC
CF/2021/14069;12/05/2021;3734756_139987;MC
CF/2021/14071;12/05/2021;3734756_139987;MC
CF/2021/14047;12/05/2021;3734756_139987;MC
CF/2021/14075;12/05/2021;3734756_139987;MC
CF/2021/14076;12/05/2021;3734756_139987;MC
CF/2021/14058;12/05/2021;3734756_139987;MC
CF/2021/14084;12/05/2021;3734756_139987;MC
CF/2021/14060;12/05/2021;3734756_139987;MC
CF/2021/14134;12/05/2021;3734756_139987;MC
CF/2021/14109;12/05/2021;3734756_139987;MC
CF/2021/14138;12/05/2021;3734756_139987;MC
CF/2021/14112;12/05/2021;3734756_139987;MC
CF/2021/14120;12/05/2021;3734756_139987;MC
CF/2021/14123;12/05/2021;3734756_139987;MC
CF/2021/14124;12/05/2021;3734756_139987;MC
CF/2021/14159;12/05/2021;3734756_139987;MC
CF/2021/14165;12/05/2021;3734756_139987;MC
CF/2021/14195;12/05/2021;3734756_139987;MC
CF/2021/14170;12/05/2021;3734756_139987;MC
CF/2021/14198;12/05/2021;3734756_139987;MC
CF/2021/14199;12/05/2021;3734756_139987;MC
CF/2021/14202;12/05/2021;3734756_139987;MC
CF/2021/14203;12/05/2021;3734756_139987;MC
CF/2021/14182;12/05/2021;3734756_139987;MC
CF/2021/14209;12/05/2021;3734756_139987;MC
CF/2021/14210;12/05/2021;3734756_139987;MC
CF/2021/14211;12/05/2021;3734756_139987;MC
CF/2021/14185;12/05/2021;3734756_139987;MC
CF/2021/14219;12/05/2021;3734756_139987;MC
CF/2021/14251;12/05/2021;3734756_139987;MC
CF/2021/14256;12/05/2021;3734756_139987;MC
CF/2021/14233;12/05/2021;3734756_139987;MC
CF/2021/14240;12/05/2021;3734756_139987;MC
CF/2021/14241;12/05/2021;3734756_139987;MC
CF/2021/14244;12/05/2021;3734756_139987;MC
CF/2021/14246;12/05/2021;3734756_139987;RC
CF/2021/14273;12/05/2021;3734756_139987;MC
CF/2021/14277;12/05/2021;3734756_139987;MC
CF/2021/14281;12/05/2021;3734756_139987;MC
CF/2021/14287;12/05/2021;3734756_139987;MC
CF/2021/14316;12/05/2021;3734756_139987;MC
CF/2021/14291;12/05/2021;3734756_139987;MC
CF/2021/14293;12/05/2021;3734756_139987;MC
CF/2021/14323;12/05/2021;3734756_139987;MC
CF/2021/14297;12/05/2021;3734756_139987;MC
CF/2021/14330;12/05/2021;3734756_139987;MC
CF/2021/14306;12/05/2021;3734756_139987;MC
CF/2021/14308;12/05/2021;3734756_139987;MC
CF/2021/14334;12/05/2021;3734756_139987;MC
CF/2021/14311;12/05/2021;3734756_139987;MC
CF/2021/13959;12/05/2021;3734756_139987;MC
CF/2021/13962;12/05/2021;3734756_139987;MC
CF/2021/13963;12/05/2021;3734756_139987;MC
CF/2021/13966;12/05/2021;3734756_139987;MC
CF/2021/13968;12/05/2021;3734756_139987;MC
CF/2021/13970;12/05/2021;3734756_139987;MC
CF/2021/13972;12/05/2021;3734756_139987;MC
CF/2021/13974;12/05/2021;3734756_139987;MC
CF/2021/14002;12/05/2021;3734756_139987;MC
CF/2021/14004;12/05/2021;3734756_139987;MC
CF/2021/13980;12/05/2021;3734756_139987;MC
CF/2021/13986;12/05/2021;3734756_139987;MC
CF/2021/14012;12/05/2021;3734756_139987;MC
CF/2021/14013;12/05/2021;3734756_139987;MC
CF/2021/13987;12/05/2021;3734756_139987;MC
CF/2021/14016;12/05/2021;3734756_139987;MC
CF/2021/14017;12/05/2021;3734756_139987;MC
CF/2021/14018;12/05/2021;3734756_139987;MC
CF/2021/13994;12/05/2021;3734756_139987;MC
CF/2021/14022;12/05/2021;3734756_139987;MC
CF/2021/13999;12/05/2021;3734756_139987;MC
CF/2021/14025;12/05/2021;3734756_139987;MC
CF/2021/14026;12/05/2021;3734756_139987;MC
CF/2021/14027;12/05/2021;3734756_139987;MC
CF/2021/14030;12/05/2021;3734756_139987;RC
CF/2021/14034;12/05/2021;3734756_139987;MC
CF/2021/14036;12/05/2021;3734756_139987;MC
CF/2021/14037;12/05/2021;3734756_139987;MC
CF/2021/14038;12/05/2021;3734756_139987;MC
CF/2021/14064;12/05/2021;3734756_139987;MC
CF/2021/14065;12/05/2021;3734756_139987;MC
CF/2021/14043;12/05/2021;3734756_139987;MC
CF/2021/14072;12/05/2021;3734756_139987;MC
CF/2021/14048;12/05/2021;3734756_139987;MC
CF/2021/14077;12/05/2021;3734756_139987;MC
CF/2021/14080;12/05/2021;3734756_139987;MC
CF/2021/14082;12/05/2021;3734756_139987;MC
CF/2021/14059;12/05/2021;3734756_139987;MC
CF/2021/14086;12/05/2021;3734756_139987;MC
CF/2021/14087;12/05/2021;3734756_139987;MC
CF/2021/14089;12/05/2021;3734756_139987;MC
CF/2021/14092;12/05/2021;3734756_139987;MC
CF/2021/14095;12/05/2021;3734756_139987;MC
CF/2021/14129;12/05/2021;3734756_139987;MC
CF/2021/14130;12/05/2021;3734756_139987;MC
CF/2021/14105;12/05/2021;3734756_139987;MC
CF/2021/14106;12/05/2021;3734756_139987;MC
CF/2021/14107;12/05/2021;3734756_139987;MC
CF/2021/14133;12/05/2021;3734756_139987;MC
CF/2021/14113;12/05/2021;3734756_139987;MC
CF/2021/14139;12/05/2021;3734756_139987;MC
CF/2021/14146;12/05/2021;3734756_139987;MC
CF/2021/14121;12/05/2021;3734756_139987;MC
CF/2021/14147;12/05/2021;3734756_139987;MC
CF/2021/14151;12/05/2021;3734756_139987;MC
CF/2021/14153;12/05/2021;3734756_139987;MC
CF/2021/14160;12/05/2021;3734756_139987;MC
CF/2021/14189;12/05/2021;3734756_139987;MC
CF/2021/14192;12/05/2021;3734756_139987;MC
CF/2021/14166;12/05/2021;3734756_139987;MC
CF/2021/14168;12/05/2021;3734756_139987;MC
CF/2021/14177;12/05/2021;3734756_139987;MC
CF/2021/14178;12/05/2021;3734756_139987;MC
CF/2021/14179;12/05/2021;3734756_139987;MC
CF/2021/14206;12/05/2021;3734756_139987;MC
CF/2021/14207;12/05/2021;3734756_139987;MC
CF/2021/14184;12/05/2021;3734756_139987;MC
CF/2021/14212;12/05/2021;3734756_139987;MC
CF/2021/14187;12/05/2021;3734756_139987;MC
CF/2021/14213;12/05/2021;3734756_139987;MC
CF/2021/14217;12/05/2021;3734756_139987;MC
CF/2021/14218;12/05/2021;3734756_139987;MC
CF/2021/14222;12/05/2021;3734756_139987;MC
CF/2021/14252;12/05/2021;3734756_139987;MC
CF/2021/14230;12/05/2021;3734756_139987;MC
CF/2021/14258;12/05/2021;3734756_139987;MC
CF/2021/14235;12/05/2021;3734756_139987;MC
CF/2021/14261;12/05/2021;3734756_139987;MC
CF/2021/14236;12/05/2021;3734756_139987;MC
CF/2021/14262;12/05/2021;3734756_139987;MC
CF/2021/14264;12/05/2021;3734756_139987;MC
CF/2021/14265;12/05/2021;3734756_139987;MC
CF/2021/14243;12/05/2021;3734756_139987;MC
CF/2021/14245;12/05/2021;3734756_139987;MC
CF/2021/14274;12/05/2021;3734756_139987;RC
CF/2021/14249;12/05/2021;3734756_139987;MC
CF/2021/14282;12/05/2021;3734756_139987;MC
CF/2021/14283;12/05/2021;3734756_139987;MC
CF/2021/14312;12/05/2021;3734756_139987;MC
CF/2021/14286;12/05/2021;3734756_139987;MC
CF/2021/14290;12/05/2021;3734756_139987;MC
CF/2021/14320;12/05/2021;3734756_139987;MC
CF/2021/14321;12/05/2021;3734756_139987;MC
CF/2021/14296;12/05/2021;3734756_139987;MC
CF/2021/14322;12/05/2021;3734756_139987;MC
CF/2021/14298;12/05/2021;3734756_139987;MC
CF/2021/14326;12/05/2021;3734756_139987;MC
CF/2021/14302;12/05/2021;3734756_139987;MC
CF/2021/14329;12/05/2021;3734756_139987;MC
CF/2021/14305;12/05/2021;3734756_139987;MC
CF/2021/14333;12/05/2021;3734756_139987;MC
CF/2021/14309;12/05/2021;3734756_139987;MC
CF/2021/13648;12/05/2021;3734756_139987;MC
CF/2021/13704;12/05/2021;3734756_139987;MC
CF/2021/13709;12/05/2021;3734756_139987;MC
CF/2021/13728;12/05/2021;3734756_139987;MC
CF/2021/13737;12/05/2021;3734756_139987;MC
CF/2021/13743;12/05/2021;3734756_139987;MC
CF/2021/13753;12/05/2021;3734756_139987;MC
CF/2021/13827;12/05/2021;3734756_139987;MC
CF/2021/13802;12/05/2021;3734756_139987;MC
CF/2021/13833;12/05/2021;3734756_139987;MC
CF/2021/13809;12/05/2021;3734756_139987;MC
CF/2021/13854;12/05/2021;3734756_139987;MC
CF/2021/15520;12/05/2021;3734756_139987;MC
CF/2021/15554;12/05/2021;3734756_139987;MC
CF/2021/15560;12/05/2021;3734756_139987;MC
CF/2021/15543;12/05/2021;3734756_139987;MC
CF/2021/15569;12/05/2021;3734756_139987;MC
CF/2021/13933;12/05/2021;3734756_139987;MC
CF/2021/15593;12/05/2021;3734756_139987;MC
CF/2021/15627;12/05/2021;3734756_139987;MC
CF/2021/15680;12/05/2021;3734756_139987;MC
CF/2021/15692;12/05/2021;3734756_139987;MC
CF/2021/15694;12/05/2021;3734756_139987;MC
CF/2021/15740;12/05/2021;3734756_139987;MC
CF/2021/15747;12/05/2021;3734756_139987;MC
CF/2021/15722;12/05/2021;3734756_139987;MC
CF/2021/15754;12/05/2021;3734756_139987;MC
CF/2021/15755;12/05/2021;3734756_139987;MC
CF/2021/15761;12/05/2021;3734756_139987;MC
CF/2021/15782;12/05/2021;3734756_139987;MC
CF/2021/15811;12/05/2021;3734756_139987;MC
CF/2021/15813;12/05/2021;3734756_139987;RC
CF/2021/15817;12/05/2021;3734756_139987;MC
CF/2021/15874;12/05/2021;3734756_139987;MC
CF/2021/15885;12/05/2021;3734756_139987;MC
CF/2021/15907;12/05/2021;3734756_139987;MC
CF/2021/15912;12/05/2021;3734756_139987;MC
CF/2021/15995;12/05/2021;3734756_139987;MC
CF/2021/15974;12/05/2021;3734756_139987;RC
CF/2021/14391;12/05/2021;3734756_139987;MC
CF/2021/15978;12/05/2021;3734756_139987;MC
CF/2021/16015;12/05/2021;3734756_139987;MC
CF/2021/14410;12/05/2021;3734756_139987;MC
CF/2021/16050;12/05/2021;3734756_139987;MC
CF/2021/16029;12/05/2021;3734756_139987;MC
CF/2021/14458;12/05/2021;3734756_139987;MC
CF/2021/14459;12/05/2021;3734756_139987;MC
CF/2021/14434;12/05/2021;3734756_139987;MC
CF/2021/14464;12/05/2021;3734756_139987;MC
CF/2021/16113;12/05/2021;3734756_139987;MC
CF/2021/14482;12/05/2021;3734756_139987;MC
CF/2021/16123;12/05/2021;3734756_139987;MC
CF/2021/16102;12/05/2021;3734756_139987;MC
CF/2021/14520;12/05/2021;3734756_139987;MC
CF/2021/16109;12/05/2021;3734756_139987;MC
CF/2021/16159;12/05/2021;3734756_139987;MC
CF/2021/16189;12/05/2021;3734756_139987;MC
CF/2021/16192;12/05/2021;3734756_139987;MC
CF/2021/14556;12/05/2021;3734756_139987;MC
CF/2021/14583;12/05/2021;3734756_139987;MC
CF/2021/14592;12/05/2021;3734756_139987;MC
CF/2021/16236;12/05/2021;3734756_139987;RC
CF/2021/14603;12/05/2021;3734756_139987;MC
CF/2021/16220;12/05/2021;3734756_139987;MC
CF/2021/16260;12/05/2021;3734756_139987;MC
CF/2021/14650;12/05/2021;3734756_139987;MC
CF/2021/16265;12/05/2021;3734756_139987;MC
CF/2021/16296;12/05/2021;3734756_139987;MC
CF/2021/14664;12/05/2021;3734756_139987;MC
CF/2021/16276;12/05/2021;3734756_139987;MC
CF/2021/16282;12/05/2021;3734756_139987;MC
CF/2021/14673;12/05/2021;3734756_139987;MC
CF/2021/16286;12/05/2021;3734756_139987;MC
CF/2021/16329;12/05/2021;3734756_139987;MC
CF/2021/14723;12/05/2021;3734756_139987;MC
CF/2021/14751;12/05/2021;3734756_139987;MC
CF/2021/14764;12/05/2021;3734756_139987;MC
CF/2021/14772;12/05/2021;3734756_139987;MC
CF/2021/14774;12/05/2021;3734756_139987;MC
CF/2021/16420;12/05/2021;3734756_139987;MC
CF/2021/16402;12/05/2021;3734756_139987;RC
CF/2021/16408;12/05/2021;3734756_139987;MC
CF/2021/14827;12/05/2021;3734756_139987;MC
CF/2021/14887;12/05/2021;3734756_139987;MC
CF/2021/14892;12/05/2021;3734756_139987;MC
CF/2021/16509;12/05/2021;3734756_139987;MC
CF/2021/14916;12/05/2021;3734756_139987;MC
CF/2021/14995;12/05/2021;3734756_139987;MC
CF/2021/16585;12/05/2021;3734756_139987;MC
CF/2021/15028;12/05/2021;3734756_139987;MC
CF/2021/15060;12/05/2021;3734756_139987;MC
CF/2021/15042;12/05/2021;3734756_139987;MC
CF/2021/15121;12/05/2021;3734756_139987;MC
CF/2021/15128;12/05/2021;3734756_139987;MC
CF/2021/15138;12/05/2021;3734756_139987;RC
CF/2021/16727;12/05/2021;3734756_139987;MC
CF/2021/13485;12/05/2021;3734948_139988;MC
CF/2021/16728;12/05/2021;3734756_139987;NS
CF/2021/15188;12/05/2021;3734756_139987;MC
CF/2021/15176;12/05/2021;3734756_139987;MC
CF/2021/13548;12/05/2021;3734948_139988;MC
CF/2021/13555;12/05/2021;3734948_139988;MC
CF/2021/13559;12/05/2021;3734948_139988;MC
CF/2021/13599;12/05/2021;3734948_139988;MC
CF/2021/15261;12/05/2021;3734756_139987;MC
CF/2021/15262;12/05/2021;3734756_139987;MC
CF/2021/15307;12/05/2021;3734756_139987;MC
CF/2021/13296;12/05/2021;3734954_139989;MC
CF/2021/13281;12/05/2021;3734954_139989;RC
CF/2021/15321;12/05/2021;3734756_139987;MC
CF/2021/15348;12/05/2021;3734756_139987;MC
CF/2021/13341;12/05/2021;3734954_139989;MC
CF/2021/13372;12/05/2021;3734954_139989;MC
CF/2021/15433;12/05/2021;3734756_139987;MC
CF/2021/15423;12/05/2021;3734756_139987;MC
CF/2021/15426;12/05/2021;3734756_139987;MC
CF/2021/13444;12/05/2021;3734954_139989;MC
CF/2021/15456;12/05/2021;3734756_139987;MC
CF/2021/13454;12/05/2021;3734954_139989;MC
CF/2021/15477;12/05/2021;3734756_139987;MC
CF/2021/15486;12/05/2021;3734756_139987;MC
CF/2021/13620;12/05/2021;3734756_139987;MC
CF/2021/13621;12/05/2021;3734756_139987;MC
CF/2021/13624;12/05/2021;3734756_139987;MC
CF/2021/13651;12/05/2021;3734756_139987;MC
CF/2021/13627;12/05/2021;3734756_139987;MC
CF/2021/13699;12/05/2021;3734756_139987;MC
CF/2021/13703;12/05/2021;3734756_139987;MC
CF/2021/13679;12/05/2021;3734756_139987;MC
CF/2021/13705;12/05/2021;3734756_139987;MC
CF/2021/13682;12/05/2021;3734756_139987;MC
CF/2021/13710;12/05/2021;3734756_139987;MC
CF/2021/13687;12/05/2021;3734756_139987;MC
CF/2021/13714;12/05/2021;3734756_139987;MC
CF/2021/13717;12/05/2021;3734756_139987;MC
CF/2021/13760;12/05/2021;3734756_139987;MC
CF/2021/13736;12/05/2021;3734756_139987;MC
CF/2021/13764;12/05/2021;3734756_139987;MC
CF/2021/13765;12/05/2021;3734756_139987;MC
CF/2021/13741;12/05/2021;3734756_139987;MC
CF/2021/13771;12/05/2021;3734756_139987;MC
CF/2021/13749;12/05/2021;3734756_139987;MC
CF/2021/13789;12/05/2021;3734756_139987;MC
CF/2021/13816;12/05/2021;3734756_139987;MC
CF/2021/13792;12/05/2021;3734756_139987;MC
CF/2021/13831;12/05/2021;3734756_139987;MC
CF/2021/13807;12/05/2021;3734756_139987;MC
CF/2021/13837;12/05/2021;3734756_139987;MC
CF/2021/13813;12/05/2021;3734756_139987;MC
CF/2021/13845;12/05/2021;3734756_139987;MC
CF/2021/13846;12/05/2021;3734756_139987;MC
CF/2021/13850;12/05/2021;3734756_139987;MC
CF/2021/13855;12/05/2021;3734756_139987;MC
CF/2021/13885;12/05/2021;3734756_139987;MC
CF/2021/13889;12/05/2021;3734756_139987;MC
CF/2021/13893;12/05/2021;3734756_139987;MC
CF/2021/15517;12/05/2021;3734756_139987;MC
CF/2021/15518;12/05/2021;3734756_139987;MC
CF/2021/15519;12/05/2021;3734756_139987;MC
CF/2021/15523;12/05/2021;3734756_139987;MC
CF/2021/15524;12/05/2021;3734756_139987;MC
CF/2021/13941;12/05/2021;3734756_139987;MC
CF/2021/15529;12/05/2021;3734756_139987;MC
CF/2021/15556;12/05/2021;3734756_139987;MC
CF/2021/13919;12/05/2021;3734756_139987;MC
CF/2021/15557;12/05/2021;3734756_139987;MC
CF/2021/15532;12/05/2021;3734756_139987;MC
CF/2021/13921;12/05/2021;3734756_139987;MC
CF/2021/15534;12/05/2021;3734756_139987;MC
CF/2021/15535;12/05/2021;3734756_139987;MC
CF/2021/13950;12/05/2021;3734756_139987;MC
CF/2021/15537;12/05/2021;3734756_139987;MC
CF/2021/15564;12/05/2021;3734756_139987;MC
CF/2021/15541;12/05/2021;3734756_139987;MC
CF/2021/13930;12/05/2021;3734756_139987;MC
CF/2021/15568;12/05/2021;3734756_139987;MC
CF/2021/15571;12/05/2021;3734756_139987;MC
CF/2021/15549;12/05/2021;3734756_139987;MC
CF/2021/15579;12/05/2021;3734756_139987;MC
CF/2021/15581;12/05/2021;3734756_139987;MC
CF/2021/15582;12/05/2021;3734756_139987;MC
CF/2021/15586;12/05/2021;3734756_139987;MC
CF/2021/15616;12/05/2021;3734756_139987;MC
CF/2021/15617;12/05/2021;3734756_139987;MC
CF/2021/15618;12/05/2021;3734756_139987;MC
CF/2021/15625;12/05/2021;3734756_139987;MC
CF/2021/15628;12/05/2021;3734756_139987;MC
CF/2021/15605;12/05/2021;3734756_139987;MC
CF/2021/15631;12/05/2021;3734756_139987;MC
CF/2021/15606;12/05/2021;3734756_139987;RC
CF/2021/15610;12/05/2021;3734756_139987;MC
CF/2021/15636;12/05/2021;3734756_139987;MC
CF/2021/15612;12/05/2021;3734756_139987;MC
CF/2021/15638;12/05/2021;3734756_139987;MC
CF/2021/15613;12/05/2021;3734756_139987;MC
CF/2021/15645;12/05/2021;3734756_139987;MC
CF/2021/15676;12/05/2021;3734756_139987;MC
CF/2021/15650;12/05/2021;3734756_139987;MC
CF/2021/15653;12/05/2021;3734756_139987;MC
CF/2021/15682;12/05/2021;3734756_139987;MC
CF/2021/15687;12/05/2021;3734756_139987;MC
CF/2021/15662;12/05/2021;3734756_139987;MC
CF/2021/15663;12/05/2021;3734756_139987;MC
CF/2021/15664;12/05/2021;3734756_139987;MC
CF/2021/15666;12/05/2021;3734756_139987;MC
CF/2021/15668;12/05/2021;3734756_139987;MC
CF/2021/15697;12/05/2021;3734756_139987;MC
CF/2021/15698;12/05/2021;3734756_139987;MC
CF/2021/15675;12/05/2021;3734756_139987;MC
CF/2021/15702;12/05/2021;3734756_139987;MC
CF/2021/15703;12/05/2021;3734756_139987;MC
CF/2021/15713;12/05/2021;3734756_139987;MC
CF/2021/15741;12/05/2021;3734756_139987;MC
CF/2021/15742;12/05/2021;3734756_139987;MC
CF/2021/15744;12/05/2021;3734756_139987;MC
CF/2021/15721;12/05/2021;3734756_139987;MC
CF/2021/15749;12/05/2021;3734756_139987;MC
CF/2021/15723;12/05/2021;3734756_139987;MC
CF/2021/15725;12/05/2021;3734756_139987;MC
CF/2021/15726;12/05/2021;3734756_139987;MC
CF/2021/15752;12/05/2021;3734756_139987;MC
CF/2021/15729;12/05/2021;3734756_139987;MC
CF/2021/15758;12/05/2021;3734756_139987;MC
CF/2021/15736;12/05/2021;3734756_139987;MC
CF/2021/15767;12/05/2021;3734756_139987;MC
CF/2021/15768;12/05/2021;3734756_139987;MC
CF/2021/15801;12/05/2021;3734756_139987;MC
CF/2021/15809;12/05/2021;3734756_139987;MC
CF/2021/15784;12/05/2021;3734756_139987;MC
CF/2021/15788;12/05/2021;3734756_139987;MC
CF/2021/15815;12/05/2021;3734756_139987;MC
CF/2021/15789;12/05/2021;3734756_139987;MC
CF/2021/15791;12/05/2021;3734756_139987;MC
CF/2021/15795;12/05/2021;3734756_139987;MC
CF/2021/15822;12/05/2021;3734756_139987;MC
CF/2021/15796;12/05/2021;3734756_139987;MC
CF/2021/15824;12/05/2021;3734756_139987;MC
CF/2021/15827;12/05/2021;3734756_139987;MC
CF/2021/15828;12/05/2021;3734756_139987;MC
CF/2021/15833;12/05/2021;3734756_139987;MC
CF/2021/15835;12/05/2021;3734756_139987;MC
CF/2021/15837;12/05/2021;3734756_139987;MC
CF/2021/15843;12/05/2021;3734756_139987;MC
CF/2021/15869;12/05/2021;3734756_139987;MC
CF/2021/15871;12/05/2021;3734756_139987;MC
CF/2021/15846;12/05/2021;3734756_139987;MC
CF/2021/15848;12/05/2021;3734756_139987;MC
CF/2021/15875;12/05/2021;3734756_139987;MC
CF/2021/15851;12/05/2021;3734756_139987;MC
CF/2021/15878;12/05/2021;3734756_139987;MC
CF/2021/15881;12/05/2021;3734756_139987;MC
CF/2021/15883;12/05/2021;3734756_139987;MC
CF/2021/15857;12/05/2021;3734756_139987;MC
CF/2021/15861;12/05/2021;3734756_139987;MC
CF/2021/15887;12/05/2021;3734756_139987;MC
CF/2021/15889;12/05/2021;3734756_139987;MC
CF/2021/15891;12/05/2021;3734756_139987;MC
CF/2021/15897;12/05/2021;3734756_139987;MC
CF/2021/15928;12/05/2021;3734756_139987;MC
CF/2021/15903;12/05/2021;3734756_139987;MC
CF/2021/15929;12/05/2021;3734756_139987;MC
CF/2021/15908;12/05/2021;3734756_139987;MC
CF/2021/15935;12/05/2021;3734756_139987;MC
CF/2021/15916;12/05/2021;3734756_139987;MC
CF/2021/15943;12/05/2021;3734756_139987;RC
CF/2021/15944;12/05/2021;3734756_139987;MC
CF/2021/15945;12/05/2021;3734756_139987;MC
CF/2021/15921;12/05/2021;3734756_139987;MC
CF/2021/15922;12/05/2021;3734756_139987;MC
CF/2021/15949;12/05/2021;3734756_139987;MC
CF/2021/15950;12/05/2021;3734756_139987;MC
CF/2021/14344;12/05/2021;3734756_139987;MC
CF/2021/15958;12/05/2021;3734756_139987;MC
CF/2021/15960;12/05/2021;3734756_139987;MC
CF/2021/15986;12/05/2021;3734756_139987;MC
CF/2021/14376;12/05/2021;3734756_139987;MC
CF/2021/15962;12/05/2021;3734756_139987;RC
CF/2021/14377;12/05/2021;3734756_139987;MC
CF/2021/15965;12/05/2021;3734756_139987;MC
CF/2021/15992;12/05/2021;3734756_139987;MC
CF/2021/15993;12/05/2021;3734756_139987;MC
CF/2021/15967;12/05/2021;3734756_139987;MC
CF/2021/14383;12/05/2021;3734756_139987;MC
CF/2021/14358;12/05/2021;3734756_139987;MC
CF/2021/16000;12/05/2021;3734756_139987;MC
CF/2021/15975;12/05/2021;3734756_139987;MC
CF/2021/14390;12/05/2021;3734756_139987;MC
CF/2021/16003;12/05/2021;3734756_139987;MC
CF/2021/15979;12/05/2021;3734756_139987;MC
CF/2021/16006;12/05/2021;3734756_139987;MC
CF/2021/16008;12/05/2021;3734756_139987;MC
CF/2021/16010;12/05/2021;3734756_139987;MC
CF/2021/16016;12/05/2021;3734756_139987;MC
CF/2021/14406;12/05/2021;3734756_139987;MC
CF/2021/14413;12/05/2021;3734756_139987;MC
CF/2021/16051;12/05/2021;3734756_139987;MC
CF/2021/14414;12/05/2021;3734756_139987;MC
CF/2021/16053;12/05/2021;3734756_139987;MC
CF/2021/16028;12/05/2021;3734756_139987;MC
CF/2021/14419;12/05/2021;3734756_139987;MC
CF/2021/16057;12/05/2021;3734756_139987;MC
CF/2021/16032;12/05/2021;3734756_139987;MC
CF/2021/16058;12/05/2021;3734756_139987;MC
CF/2021/14448;12/05/2021;3734756_139987;MC
CF/2021/16061;12/05/2021;3734756_139987;MC
CF/2021/16064;12/05/2021;3734756_139987;MC
CF/2021/14426;12/05/2021;3734756_139987;MC
CF/2021/14429;12/05/2021;3734756_139987;MC
CF/2021/16041;12/05/2021;3734756_139987;MC
CF/2021/16071;12/05/2021;3734756_139987;MC
CF/2021/16075;12/05/2021;3734756_139987;MC
CF/2021/16077;12/05/2021;3734756_139987;MC
CF/2021/16079;12/05/2021;3734756_139987;MC
CF/2021/14468;12/05/2021;3734756_139987;MC
CF/2021/16085;12/05/2021;3734756_139987;MC
CF/2021/14475;12/05/2021;3734756_139987;MC
CF/2021/14502;12/05/2021;3734756_139987;MC
CF/2021/16089;12/05/2021;3734756_139987;MC
CF/2021/16116;12/05/2021;3734756_139987;MC
CF/2021/16117;12/05/2021;3734756_139987;MC
CF/2021/14509;12/05/2021;3734756_139987;MC
CF/2021/16121;12/05/2021;3734756_139987;MC
CF/2021/16096;12/05/2021;3734756_139987;MC
CF/2021/16097;12/05/2021;3734756_139987;MC
CF/2021/16098;12/05/2021;3734756_139987;MC
CF/2021/16126;12/05/2021;3734756_139987;MC
CF/2021/14489;12/05/2021;3734756_139987;MC
CF/2021/16129;12/05/2021;3734756_139987;MC
CF/2021/16106;12/05/2021;3734756_139987;MC
CF/2021/16134;12/05/2021;3734756_139987;MC
CF/2021/14523;12/05/2021;3734756_139987;MC
CF/2021/14560;12/05/2021;3734756_139987;MC
CF/2021/14534;12/05/2021;3734756_139987;MC
CF/2021/16152;12/05/2021;3734756_139987;MC
CF/2021/16178;12/05/2021;3734756_139987;MC
CF/2021/16179;12/05/2021;3734756_139987;MC
CF/2021/16155;12/05/2021;3734756_139987;MC
CF/2021/16157;12/05/2021;3734756_139987;MC
CF/2021/16183;12/05/2021;3734756_139987;MC
CF/2021/14572;12/05/2021;3734756_139987;MC
CF/2021/14574;12/05/2021;3734756_139987;MC
CF/2021/16164;12/05/2021;3734756_139987;MC
CF/2021/16168;12/05/2021;3734756_139987;MC
CF/2021/16171;12/05/2021;3734756_139987;MC
CF/2021/16204;12/05/2021;3734756_139987;MC
CF/2021/16209;12/05/2021;3734756_139987;MC
CF/2021/14627;12/05/2021;3734756_139987;MC
CF/2021/16213;12/05/2021;3734756_139987;MC
CF/2021/14630;12/05/2021;3734756_139987;MC
CF/2021/16244;12/05/2021;3734756_139987;MC
CF/2021/16219;12/05/2021;3734756_139987;MC
CF/2021/14611;12/05/2021;3734756_139987;MC
CF/2021/14637;12/05/2021;3734756_139987;MC
CF/2021/16252;12/05/2021;3734756_139987;MC
CF/2021/16226;12/05/2021;3734756_139987;MC
CF/2021/14645;12/05/2021;3734756_139987;MC
CF/2021/16261;12/05/2021;3734756_139987;MC
CF/2021/16264;12/05/2021;3734756_139987;MC
CF/2021/14656;12/05/2021;3734756_139987;MC
CF/2021/16271;12/05/2021;3734756_139987;MC
CF/2021/16299;12/05/2021;3734756_139987;MC
CF/2021/14663;12/05/2021;3734756_139987;MC
CF/2021/16280;12/05/2021;3734756_139987;MC
CF/2021/14695;12/05/2021;3734756_139987;MC
CF/2021/16307;12/05/2021;3734756_139987;MC
CF/2021/16308;12/05/2021;3734756_139987;MC
CF/2021/16315;12/05/2021;3734756_139987;MC
CF/2021/16290;12/05/2021;3734756_139987;MC
CF/2021/14705;12/05/2021;3734756_139987;MC
CF/2021/16324;12/05/2021;3734756_139987;MC
CF/2021/16325;12/05/2021;3734756_139987;MC
CF/2021/14718;12/05/2021;3734756_139987;MC
CF/2021/16331;12/05/2021;3734756_139987;MC
CF/2021/16332;12/05/2021;3734756_139987;MC
CF/2021/14748;12/05/2021;3734756_139987;MC
CF/2021/14724;12/05/2021;3734756_139987;MC
CF/2021/16337;12/05/2021;3734756_139987;MC
CF/2021/16364;12/05/2021;3734756_139987;MC
CF/2021/16338;12/05/2021;3734756_139987;MC
CF/2021/14728;12/05/2021;3734756_139987;MC
CF/2021/14754;12/05/2021;3734756_139987;MC
CF/2021/16367;12/05/2021;3734756_139987;MC
CF/2021/16342;12/05/2021;3734756_139987;MC
CF/2021/16343;12/05/2021;3734756_139987;MC
CF/2021/14759;12/05/2021;3734756_139987;MC
CF/2021/16345;12/05/2021;3734756_139987;MC
CF/2021/14763;12/05/2021;3734756_139987;MC
CF/2021/16376;12/05/2021;3734756_139987;MC
CF/2021/16378;12/05/2021;3734756_139987;MC
CF/2021/16353;12/05/2021;3734756_139987;MC
CF/2021/16354;12/05/2021;3734756_139987;MC
CF/2021/16381;12/05/2021;3734756_139987;MC
CF/2021/16356;12/05/2021;3734756_139987;MC
CF/2021/16357;12/05/2021;3734756_139987;MC
CF/2021/16391;12/05/2021;3734756_139987;MC
CF/2021/14780;12/05/2021;3734756_139987;MC
CF/2021/16393;12/05/2021;3734756_139987;MC
CF/2021/14782;12/05/2021;3734756_139987;MC
CF/2021/14784;12/05/2021;3734756_139987;MC
CF/2021/16423;12/05/2021;3734756_139987;MC
CF/2021/16424;12/05/2021;3734756_139987;MC
CF/2021/16399;12/05/2021;3734756_139987;MC
CF/2021/16426;12/05/2021;3734756_139987;MC
CF/2021/14790;12/05/2021;3734756_139987;MC
CF/2021/16404;12/05/2021;3734756_139987;MC
CF/2021/14820;12/05/2021;3734756_139987;MC
CF/2021/16432;12/05/2021;3734756_139987;MC
CF/2021/16409;12/05/2021;3734756_139987;MC
CF/2021/14797;12/05/2021;3734756_139987;MC
CF/2021/14800;12/05/2021;3734756_139987;MC
CF/2021/16440;12/05/2021;3734756_139987;MC
CF/2021/14804;12/05/2021;3734756_139987;MC
CF/2021/16417;12/05/2021;3734756_139987;MC
CF/2021/14831;12/05/2021;3734756_139987;MC
CF/2021/16446;12/05/2021;3734756_139987;MC
CF/2021/16450;12/05/2021;3734756_139987;RC
CF/2021/14843;12/05/2021;3734756_139987;MC
CF/2021/14846;12/05/2021;3734756_139987;MC
CF/2021/14848;12/05/2021;3734756_139987;MC
CF/2021/14876;12/05/2021;3734756_139987;MC
CF/2021/14877;12/05/2021;3734756_139987;MC
CF/2021/16490;12/05/2021;3734756_139987;MC
CF/2021/14856;12/05/2021;3734756_139987;MC
CF/2021/16494;12/05/2021;3734756_139987;MC
CF/2021/16495;12/05/2021;3734756_139987;MC
CF/2021/16497;12/05/2021;3734756_139987;MC
CF/2021/16474;12/05/2021;3734756_139987;MC
CF/2021/14863;12/05/2021;3734756_139987;MC
CF/2021/16478;12/05/2021;3734756_139987;MC
CF/2021/14896;12/05/2021;3734756_139987;MC
CF/2021/16512;12/05/2021;3734756_139987;MC
CF/2021/16513;12/05/2021;3734756_139987;MC
CF/2021/16514;12/05/2021;3734756_139987;MC
CF/2021/14906;12/05/2021;3734756_139987;MC
CF/2021/16519;12/05/2021;3734756_139987;MC
CF/2021/16546;12/05/2021;3734756_139987;MC
CF/2021/16523;12/05/2021;3734756_139987;MC
CF/2021/14939;12/05/2021;3734756_139987;MC
CF/2021/16551;12/05/2021;3734756_139987;MC
CF/2021/16525;12/05/2021;3734756_139987;MC
CF/2021/16532;12/05/2021;3734756_139987;MC
CF/2021/14921;12/05/2021;3734756_139987;MC
CF/2021/14923;12/05/2021;3734756_139987;MC
CF/2021/14951;12/05/2021;3734756_139987;MC
CF/2021/16537;12/05/2021;3734756_139987;MC
CF/2021/16565;12/05/2021;3734756_139987;MC
CF/2021/14961;12/05/2021;3734756_139987;MC
CF/2021/16575;12/05/2021;3734756_139987;MC
CF/2021/16583;12/05/2021;3734756_139987;MC
CF/2021/16584;12/05/2021;3734756_139987;MC
CF/2021/15000;12/05/2021;3734756_139987;MC
CF/2021/16614;12/05/2021;3734756_139987;MC
CF/2021/16594;12/05/2021;3734756_139987;MC
CF/2021/14984;12/05/2021;3734756_139987;MC
CF/2021/16605;12/05/2021;3734756_139987;MC
CF/2021/15021;12/05/2021;3734756_139987;MC
CF/2021/16643;12/05/2021;3734756_139987;MC
CF/2021/16672;12/05/2021;3734756_139987;MC
CF/2021/16673;12/05/2021;3734756_139987;MC
CF/2021/15041;12/05/2021;3734756_139987;MC
CF/2021/15045;12/05/2021;3734756_139987;MC
CF/2021/15072;12/05/2021;3734756_139987;MC
CF/2021/16659;12/05/2021;3734756_139987;MC
CF/2021/15074;12/05/2021;3734756_139987;MC
CF/2021/16663;12/05/2021;3734756_139987;MC
CF/2021/15078;12/05/2021;3734756_139987;MC
CF/2021/15080;12/05/2021;3734756_139987;MC
CF/2021/16701;12/05/2021;3734756_139987;MC
CF/2021/15090;12/05/2021;3734756_139987;MC
CF/2021/16702;12/05/2021;3734756_139987;RC
CF/2021/15091;12/05/2021;3734756_139987;MC
CF/2021/13462;12/05/2021;3734948_139988;MC
CF/2021/13465;12/05/2021;3734948_139988;MC
CF/2021/13467;12/05/2021;3734948_139988;MC
CF/2021/15099;12/05/2021;3734756_139987;MC
CF/2021/13468;12/05/2021;3734948_139988;MC
CF/2021/15100;12/05/2021;3734756_139987;MC
CF/2021/16715;12/05/2021;3734756_139987;MC
CF/2021/13475;12/05/2021;3734948_139988;MC
CF/2021/13481;12/05/2021;3734948_139988;MC
CF/2021/15112;12/05/2021;3734756_139987;MC
CF/2021/13460;12/05/2021;3734948_139988;MC
CF/2021/15154;12/05/2021;3734756_139987;MC
CF/2021/15181;12/05/2021;3734756_139987;MC
CF/2021/13524;12/05/2021;3734948_139988;MC
CF/2021/13525;12/05/2021;3734948_139988;MC
CF/2021/15156;12/05/2021;3734756_139987;MC
CF/2021/13500;12/05/2021;3734948_139988;MC
CF/2021/13501;12/05/2021;3734948_139988;MC
CF/2021/15159;12/05/2021;3734756_139987;MC
CF/2021/13502;12/05/2021;3734948_139988;MC
CF/2021/13530;12/05/2021;3734948_139988;MC
CF/2021/13505;12/05/2021;3734948_139988;MC
CF/2021/13531;12/05/2021;3734948_139988;MC
CF/2021/13506;12/05/2021;3734948_139988;MC
CF/2021/15192;12/05/2021;3734756_139987;MC
CF/2021/15198;12/05/2021;3734756_139987;MC
CF/2021/13515;12/05/2021;3734948_139988;MC
CF/2021/13543;12/05/2021;3734948_139988;MC
CF/2021/13520;12/05/2021;3734948_139988;MC
CF/2021/15207;12/05/2021;3734756_139987;MC
CF/2021/13552;12/05/2021;3734948_139988;MC
CF/2021/13556;12/05/2021;3734948_139988;MC
CF/2021/15214;12/05/2021;3734756_139987;MC
CF/2021/13591;12/05/2021;3734948_139988;MC
CF/2021/13565;12/05/2021;3734948_139988;MC
CF/2021/15255;12/05/2021;3734756_139987;MC
CF/2021/13601;12/05/2021;3734948_139988;MC
CF/2021/13576;12/05/2021;3734948_139988;MC
CF/2021/15235;12/05/2021;3734756_139987;MC
CF/2021/13578;12/05/2021;3734948_139988;MC
CF/2021/13579;12/05/2021;3734948_139988;MC
CF/2021/15269;12/05/2021;3734756_139987;MC
CF/2021/15277;12/05/2021;3734756_139987;MC
CF/2021/13295;12/05/2021;3734954_139989;MC
CF/2021/13274;12/05/2021;3734954_139989;MC
CF/2021/13301;12/05/2021;3734954_139989;RC
CF/2021/15288;12/05/2021;3734756_139987;MC
CF/2021/15315;12/05/2021;3734756_139987;MC
CF/2021/15318;12/05/2021;3734756_139987;MC
CF/2021/15320;12/05/2021;3734756_139987;MC
CF/2021/13285;12/05/2021;3734954_139989;MC
CF/2021/15322;12/05/2021;3734756_139987;MC
CF/2021/13315;12/05/2021;3734954_139989;MC
CF/2021/13289;12/05/2021;3734954_139989;RC
CF/2021/13320;12/05/2021;3734954_139989;MC
CF/2021/13323;12/05/2021;3734954_139989;MC
CF/2021/13324;12/05/2021;3734954_139989;MC
CF/2021/15335;12/05/2021;3734756_139987;MC
CF/2021/13361;12/05/2021;3734954_139989;MC
CF/2021/13340;12/05/2021;3734954_139989;MC
CF/2021/15380;12/05/2021;3734756_139987;MC
CF/2021/15381;12/05/2021;3734756_139987;MC
CF/2021/13344;12/05/2021;3734954_139989;MC
CF/2021/15356;12/05/2021;3734756_139987;MC
CF/2021/13373;12/05/2021;3734954_139989;MC
CF/2021/13351;12/05/2021;3734954_139989;MC
CF/2021/15363;12/05/2021;3734756_139987;MC
CF/2021/13353;12/05/2021;3734954_139989;MC
CF/2021/13382;12/05/2021;3734954_139989;MC
CF/2021/15394;12/05/2021;3734756_139987;MC
CF/2021/13384;12/05/2021;3734954_139989;RC
CF/2021/15402;12/05/2021;3734756_139987;MC
CF/2021/15403;12/05/2021;3734756_139987;MC
CF/2021/15404;12/05/2021;3734756_139987;MC
CF/2021/15431;12/05/2021;3734756_139987;MC
CF/2021/13421;12/05/2021;3734954_139989;MC
CF/2021/15407;12/05/2021;3734756_139987;MC
CF/2021/13422;12/05/2021;3734954_139989;RC
CF/2021/13397;12/05/2021;3734954_139989;MC
CF/2021/13398;12/05/2021;3734954_139989;MC
CF/2021/15409;12/05/2021;3734756_139987;MC
CF/2021/15410;12/05/2021;3734756_139987;MC
CF/2021/15411;12/05/2021;3734756_139987;MC
CF/2021/13426;12/05/2021;3734954_139989;MC
CF/2021/13429;12/05/2021;3734954_139989;MC
CF/2021/15416;12/05/2021;3734756_139987;MC
CF/2021/15417;12/05/2021;3734756_139987;MC
CF/2021/15444;12/05/2021;3734756_139987;MC
CF/2021/13436;12/05/2021;3734954_139989;MC
CF/2021/15425;12/05/2021;3734756_139987;RC
CF/2021/15453;12/05/2021;3734756_139987;MC
CF/2021/13416;12/05/2021;3734954_139989;MC
CF/2021/13443;12/05/2021;3734954_139989;MC
CF/2021/13446;12/05/2021;3734954_139989;MC
CF/2021/15459;12/05/2021;3734756_139987;MC
CF/2021/15461;12/05/2021;3734756_139987;MC
CF/2021/13451;12/05/2021;3734954_139989;RC
CF/2021/15490;12/05/2021;3734756_139987;MC
CF/2021/13453;12/05/2021;3734954_139989;MC
CF/2021/15492;12/05/2021;3734756_139987;MC
CF/2021/15467;12/05/2021;3734756_139987;MC
CF/2021/15494;12/05/2021;3734756_139987;MC
CF/2021/13458;12/05/2021;3734954_139989;MC
CF/2021/15470;12/05/2021;3734756_139987;MC
CF/2021/15497;12/05/2021;3734756_139987;MC
CF/2021/15472;12/05/2021;3734756_139987;MC
CF/2021/15500;12/05/2021;3734756_139987;MC
CF/2021/15474;12/05/2021;3734756_139987;MC
CF/2021/15476;12/05/2021;3734756_139987;MC
CF/2021/15478;12/05/2021;3734756_139987;MC
CF/2021/15505;12/05/2021;3734756_139987;MC
CF/2021/15509;12/05/2021;3734756_139987;MC
CF/2021/15485;12/05/2021;3734756_139987;MC
CF/2021/15512;12/05/2021;3734756_139987;MC
CF/2021/15487;12/05/2021;3734756_139987;MC
CF/2021/13634;12/05/2021;3734756_139987;MC
CF/2021/13610;12/05/2021;3734756_139987;MC
CF/2021/13636;12/05/2021;3734756_139987;MC
CF/2021/13640;12/05/2021;3734756_139987;MC
CF/2021/13617;12/05/2021;3734756_139987;MC
CF/2021/13644;12/05/2021;3734756_139987;MC
CF/2021/13653;12/05/2021;3734756_139987;MC
CF/2021/13656;12/05/2021;3734756_139987;MC
CF/2021/13658;12/05/2021;3734756_139987;MC
CF/2021/13664;12/05/2021;3734756_139987;MC
CF/2021/13666;12/05/2021;3734756_139987;MC
CF/2021/13668;12/05/2021;3734756_139987;MC
CF/2021/13698;12/05/2021;3734756_139987;MC
CF/2021/13701;12/05/2021;3734756_139987;MC
CF/2021/13677;12/05/2021;3734756_139987;MC
CF/2021/13678;12/05/2021;3734756_139987;MC
CF/2021/13706;12/05/2021;3734756_139987;MC
CF/2021/13683;12/05/2021;3734756_139987;MC
CF/2021/13711;12/05/2021;3734756_139987;MC
CF/2021/13686;12/05/2021;3734756_139987;MC
CF/2021/13712;12/05/2021;3734756_139987;MC
CF/2021/13690;12/05/2021;3734756_139987;MC
CF/2021/13720;12/05/2021;3734756_139987;MC
CF/2021/13721;12/05/2021;3734756_139987;MC
CF/2021/13722;12/05/2021;3734756_139987;MC
CF/2021/13727;12/05/2021;3734756_139987;MC
CF/2021/13754;12/05/2021;3734756_139987;MC
CF/2021/13755;12/05/2021;3734756_139987;MC
CF/2021/13730;12/05/2021;3734756_139987;MC
CF/2021/13759;12/05/2021;3734756_139987;MC
CF/2021/13770;12/05/2021;3734756_139987;MC
CF/2021/13748;12/05/2021;3734756_139987;MC
CF/2021/13778;12/05/2021;3734756_139987;MC
CF/2021/13781;12/05/2021;3734756_139987;MC
CF/2021/13786;12/05/2021;3734756_139987;MC
CF/2021/13787;12/05/2021;3734756_139987;MC
CF/2021/13818;12/05/2021;3734756_139987;MC
CF/2021/13820;12/05/2021;3734756_139987;MC
CF/2021/13795;12/05/2021;3734756_139987;MC
CF/2021/13799;12/05/2021;3734756_139987;MC
CF/2021/13829;12/05/2021;3734756_139987;MC
CF/2021/13830;12/05/2021;3734756_139987;MC
CF/2021/13832;12/05/2021;3734756_139987;MC
CF/2021/13840;12/05/2021;3734756_139987;MC
CF/2021/13848;12/05/2021;3734756_139987;MC
CF/2021/13878;12/05/2021;3734756_139987;MC
CF/2021/13856;12/05/2021;3734756_139987;MC
CF/2021/13882;12/05/2021;3734756_139987;MC
CF/2021/13886;12/05/2021;3734756_139987;MC
CF/2021/13861;12/05/2021;3734756_139987;MC
CF/2021/13862;12/05/2021;3734756_139987;MC
CF/2021/13890;12/05/2021;3734756_139987;MC
CF/2021/13891;12/05/2021;3734756_139987;MC
CF/2021/13866;12/05/2021;3734756_139987;MC
CF/2021/13894;12/05/2021;3734756_139987;MC
CF/2021/13897;12/05/2021;3734756_139987;MC
CF/2021/13873;12/05/2021;3734756_139987;MC
CF/2021/13903;12/05/2021;3734756_139987;MC
CF/2021/13908;12/05/2021;3734756_139987;MC
CF/2021/13909;12/05/2021;3734756_139987;MC
CF/2021/13912;12/05/2021;3734756_139987;MC
CF/2021/13914;12/05/2021;3734756_139987;MC
CF/2021/15526;12/05/2021;3734756_139987;MC
CF/2021/13940;12/05/2021;3734756_139987;MC
CF/2021/13918;12/05/2021;3734756_139987;MC
CF/2021/13924;12/05/2021;3734756_139987;MC
CF/2021/15562;12/05/2021;3734756_139987;MC
CF/2021/13926;12/05/2021;3734756_139987;MC
CF/2021/15542;12/05/2021;3734756_139987;MC
CF/2021/15574;12/05/2021;3734756_139987;MC
CF/2021/15576;12/05/2021;3734756_139987;MC
CF/2021/15622;12/05/2021;3734756_139987;MC
CF/2021/15597;12/05/2021;3734756_139987;MC
CF/2021/15601;12/05/2021;3734756_139987;MC
CF/2021/15602;12/05/2021;3734756_139987;MC
CF/2021/15649;12/05/2021;3734756_139987;MC
CF/2021/15679;12/05/2021;3734756_139987;MC
CF/2021/15656;12/05/2021;3734756_139987;MC
CF/2021/15657;12/05/2021;3734756_139987;MC
CF/2021/15684;12/05/2021;3734756_139987;MC
CF/2021/15659;12/05/2021;3734756_139987;MC
CF/2021/15689;12/05/2021;3734756_139987;MC
CF/2021/15693;12/05/2021;3734756_139987;MC
CF/2021/15671;12/05/2021;3734756_139987;MC
CF/2021/15672;12/05/2021;3734756_139987;MC
CF/2021/15699;12/05/2021;3734756_139987;MC
CF/2021/15700;12/05/2021;3734756_139987;MC
CF/2021/15674;12/05/2021;3734756_139987;MC
CF/2021/15707;12/05/2021;3734756_139987;MC
CF/2021/15710;12/05/2021;3734756_139987;MC
CF/2021/15716;12/05/2021;3734756_139987;MC
CF/2021/15720;12/05/2021;3734756_139987;MC
CF/2021/15750;12/05/2021;3734756_139987;MC
CF/2021/15728;12/05/2021;3734756_139987;MC
CF/2021/15730;12/05/2021;3734756_139987;MC
CF/2021/15759;12/05/2021;3734756_139987;MC
CF/2021/15735;12/05/2021;3734756_139987;MC
CF/2021/15763;12/05/2021;3734756_139987;MC
CF/2021/15766;12/05/2021;3734756_139987;MC
CF/2021/15773;12/05/2021;3734756_139987;MC
CF/2021/15806;12/05/2021;3734756_139987;MC
CF/2021/15792;12/05/2021;3734756_139987;MC
CF/2021/15793;12/05/2021;3734756_139987;MC
CF/2021/15825;12/05/2021;3734756_139987;MC
CF/2021/15826;12/05/2021;3734756_139987;MC
CF/2021/15864;12/05/2021;3734756_139987;MC
CF/2021/15840;12/05/2021;3734756_139987;MC
CF/2021/15841;12/05/2021;3734756_139987;MC
CF/2021/15868;12/05/2021;3734756_139987;MC
CF/2021/15845;12/05/2021;3734756_139987;MC
CF/2021/15873;12/05/2021;3734756_139987;MC
CF/2021/15850;12/05/2021;3734756_139987;MC
CF/2021/15852;12/05/2021;3734756_139987;MC
CF/2021/15882;12/05/2021;3734756_139987;MC
CF/2021/15860;12/05/2021;3734756_139987;MC
CF/2021/15888;12/05/2021;3734756_139987;MC
CF/2021/15893;12/05/2021;3734756_139987;MC
CF/2021/15896;12/05/2021;3734756_139987;MC
CF/2021/15906;12/05/2021;3734756_139987;MC
CF/2021/15909;12/05/2021;3734756_139987;MC
CF/2021/15913;12/05/2021;3734756_139987;MC
CF/2021/15917;12/05/2021;3734756_139987;MC
CF/2021/14339;12/05/2021;3734756_139987;MC
CF/2021/15953;12/05/2021;3734756_139987;MC
CF/2021/14345;12/05/2021;3734756_139987;MC
CF/2021/15966;12/05/2021;3734756_139987;MC
CF/2021/15996;12/05/2021;3734756_139987;MC
CF/2021/15970;12/05/2021;3734756_139987;MC
CF/2021/14364;12/05/2021;3734756_139987;MC
CF/2021/14365;12/05/2021;3734756_139987;MC
CF/2021/14366;12/05/2021;3734756_139987;MC
CF/2021/16007;12/05/2021;3734756_139987;MC
CF/2021/15983;12/05/2021;3734756_139987;MC
CF/2021/16012;12/05/2021;3734756_139987;MC
CF/2021/14407;12/05/2021;3734756_139987;MC
CF/2021/16021;12/05/2021;3734756_139987;MC
CF/2021/14438;12/05/2021;3734756_139987;MC
CF/2021/16054;12/05/2021;3734756_139987;MC
CF/2021/16055;12/05/2021;3734756_139987;MC
CF/2021/14418;12/05/2021;3734756_139987;MC
CF/2021/14444;12/05/2021;3734756_139987;MC
CF/2021/16031;12/05/2021;3734756_139987;MC
CF/2021/14447;12/05/2021;3734756_139987;MC
CF/2021/14422;12/05/2021;3734756_139987;MC
CF/2021/16035;12/05/2021;3734756_139987;MC
CF/2021/16063;12/05/2021;3734756_139987;MC
CF/2021/14454;12/05/2021;3734756_139987;MC
CF/2021/16040;12/05/2021;3734756_139987;MC
CF/2021/16067;12/05/2021;3734756_139987;MC
CF/2021/16068;12/05/2021;3734756_139987;MC
CF/2021/14456;12/05/2021;3734756_139987;MC
CF/2021/16043;12/05/2021;3734756_139987;MC
CF/2021/16070;12/05/2021;3734756_139987;MC
CF/2021/16044;12/05/2021;3734756_139987;MC
CF/2021/16074;12/05/2021;3734756_139987;MC
CF/2021/14466;12/05/2021;3734756_139987;MC
CF/2021/16078;12/05/2021;3734756_139987;MC
CF/2021/16082;12/05/2021;3734756_139987;MC
CF/2021/16083;12/05/2021;3734756_139987;MC
CF/2021/14473;12/05/2021;3734756_139987;MC
CF/2021/16086;12/05/2021;3734756_139987;MC
CF/2021/14474;12/05/2021;3734756_139987;MC
CF/2021/14501;12/05/2021;3734756_139987;MC
CF/2021/16088;12/05/2021;3734756_139987;MC
CF/2021/14476;12/05/2021;3734756_139987;MC
CF/2021/16092;12/05/2021;3734756_139987;MC
CF/2021/14481;12/05/2021;3734756_139987;MC
CF/2021/14483;12/05/2021;3734756_139987;MC
CF/2021/16101;12/05/2021;3734756_139987;MC
CF/2021/14492;12/05/2021;3734756_139987;MC
CF/2021/14519;12/05/2021;3734756_139987;MC
CF/2021/16135;12/05/2021;3734756_139987;MC
CF/2021/16136;12/05/2021;3734756_139987;MC
CF/2021/16139;12/05/2021;3734756_139987;MC
CF/2021/16140;12/05/2021;3734756_139987;MC
CF/2021/16143;12/05/2021;3734756_139987;MC
CF/2021/14532;12/05/2021;3734756_139987;MC
CF/2021/16144;12/05/2021;3734756_139987;MC
CF/2021/14533;12/05/2021;3734756_139987;MC
CF/2021/14561;12/05/2021;3734756_139987;MC
CF/2021/16148;12/05/2021;3734756_139987;MC
CF/2021/14565;12/05/2021;3734756_139987;MC
CF/2021/14566;12/05/2021;3734756_139987;MC
CF/2021/14567;12/05/2021;3734756_139987;MC
CF/2021/14542;12/05/2021;3734756_139987;MC
CF/2021/14545;12/05/2021;3734756_139987;MC
CF/2021/14573;12/05/2021;3734756_139987;MC
CF/2021/14579;12/05/2021;3734756_139987;MC
CF/2021/14555;12/05/2021;3734756_139987;MC
CF/2021/14584;12/05/2021;3734756_139987;MC
CF/2021/14585;12/05/2021;3734756_139987;RC
CF/2021/16200;12/05/2021;3734756_139987;MC
CF/2021/14589;12/05/2021;3734756_139987;MC
CF/2021/16203;12/05/2021;3734756_139987;MC
CF/2021/14593;12/05/2021;3734756_139987;MC
CF/2021/14622;12/05/2021;3734756_139987;MC
CF/2021/14596;12/05/2021;3734756_139987;MC
CF/2021/14600;12/05/2021;3734756_139987;MC
CF/2021/14601;12/05/2021;3734756_139987;MC
CF/2021/16240;12/05/2021;3734756_139987;MC
CF/2021/14629;12/05/2021;3734756_139987;MC
CF/2021/14604;12/05/2021;3734756_139987;MC
CF/2021/16216;12/05/2021;3734756_139987;MC
CF/2021/16242;12/05/2021;3734756_139987;MC
CF/2021/14605;12/05/2021;3734756_139987;MC
CF/2021/14606;12/05/2021;3734756_139987;MC
CF/2021/14632;12/05/2021;3734756_139987;MC
CF/2021/14634;12/05/2021;3734756_139987;MC
CF/2021/16247;12/05/2021;3734756_139987;MC
CF/2021/14610;12/05/2021;3734756_139987;MC
CF/2021/14638;12/05/2021;3734756_139987;MC
CF/2021/14640;12/05/2021;3734756_139987;MC
CF/2021/14641;12/05/2021;3734756_139987;MC
CF/2021/16253;12/05/2021;3734756_139987;MC
CF/2021/16227;12/05/2021;3734756_139987;MC
CF/2021/14615;12/05/2021;3734756_139987;MC
CF/2021/14642;12/05/2021;3734756_139987;MC
CF/2021/16254;12/05/2021;3734756_139987;MC
CF/2021/14618;12/05/2021;3734756_139987;MC
CF/2021/16256;12/05/2021;3734756_139987;MC
CF/2021/14646;12/05/2021;3734756_139987;MC
CF/2021/16232;12/05/2021;3734756_139987;MC
CF/2021/16259;12/05/2021;3734756_139987;MC
CF/2021/14621;12/05/2021;3734756_139987;MC
CF/2021/14651;12/05/2021;3734756_139987;MC
CF/2021/14652;12/05/2021;3734756_139987;MC
CF/2021/16268;12/05/2021;3734756_139987;MC
CF/2021/14684;12/05/2021;3734756_139987;MC
CF/2021/14686;12/05/2021;3734756_139987;MC
CF/2021/14687;12/05/2021;3734756_139987;MC
CF/2021/14690;12/05/2021;3734756_139987;MC
CF/2021/14665;12/05/2021;3734756_139987;MC
CF/2021/14666;12/05/2021;3734756_139987;MC
CF/2021/14692;12/05/2021;3734756_139987;MC
CF/2021/14693;12/05/2021;3734756_139987;MC
CF/2021/16279;12/05/2021;3734756_139987;MC
CF/2021/14668;12/05/2021;3734756_139987;MC
CF/2021/14670;12/05/2021;3734756_139987;MC
CF/2021/14699;12/05/2021;3734756_139987;MC
CF/2021/16311;12/05/2021;3734756_139987;MC
CF/2021/14701;12/05/2021;3734756_139987;MC
CF/2021/14675;12/05/2021;3734756_139987;MC
CF/2021/14703;12/05/2021;3734756_139987;MC
CF/2021/14678;12/05/2021;3734756_139987;MC
CF/2021/16291;12/05/2021;3734756_139987;MC
CF/2021/14706;12/05/2021;3734756_139987;MC
CF/2021/14707;12/05/2021;3734756_139987;MC
CF/2021/14681;12/05/2021;3734756_139987;MC
CF/2021/14708;12/05/2021;3734756_139987;MC
CF/2021/14709;12/05/2021;3734756_139987;MC
CF/2021/14711;12/05/2021;3734756_139987;MC
CF/2021/14712;12/05/2021;3734756_139987;MC
CF/2021/14715;12/05/2021;3734756_139987;MC
CF/2021/14746;12/05/2021;3734756_139987;MC
CF/2021/14721;12/05/2021;3734756_139987;MC
CF/2021/16334;12/05/2021;3734756_139987;MC
CF/2021/14725;12/05/2021;3734756_139987;MC
CF/2021/14726;12/05/2021;3734756_139987;MC
CF/2021/14729;12/05/2021;3734756_139987;MC
CF/2021/16368;12/05/2021;3734756_139987;MC
CF/2021/16371;12/05/2021;3734756_139987;MC
CF/2021/16346;12/05/2021;3734756_139987;MC
CF/2021/16374;12/05/2021;3734756_139987;MC
CF/2021/14736;12/05/2021;3734756_139987;MC
CF/2021/16350;12/05/2021;3734756_139987;MC
CF/2021/14741;12/05/2021;3734756_139987;MC
CF/2021/16384;12/05/2021;3734756_139987;MC
CF/2021/16387;12/05/2021;3734756_139987;MC
CF/2021/14775;12/05/2021;3734756_139987;MC
CF/2021/14779;12/05/2021;3734756_139987;MC
CF/2021/14810;12/05/2021;3734756_139987;MC
CF/2021/14786;12/05/2021;3734756_139987;MC
CF/2021/14812;12/05/2021;3734756_139987;MC
CF/2021/14813;12/05/2021;3734756_139987;MC
CF/2021/14815;12/05/2021;3734756_139987;MC
CF/2021/16429;12/05/2021;3734756_139987;MC
CF/2021/14791;12/05/2021;3734756_139987;RC
CF/2021/16407;12/05/2021;3734756_139987;MC
CF/2021/14821;12/05/2021;3734756_139987;MC
CF/2021/14824;12/05/2021;3734756_139987;MC
CF/2021/16411;12/05/2021;3734756_139987;MC
CF/2021/16439;12/05/2021;3734756_139987;MC
CF/2021/16414;12/05/2021;3734756_139987;MC
CF/2021/14805;12/05/2021;3734756_139987;MC
CF/2021/16444;12/05/2021;3734756_139987;MC
CF/2021/14838;12/05/2021;3734756_139987;MC
CF/2021/14840;12/05/2021;3734756_139987;MC
CF/2021/16452;12/05/2021;3734756_139987;MC
CF/2021/14870;12/05/2021;3734756_139987;MC
CF/2021/16457;12/05/2021;3734756_139987;MC
CF/2021/14873;12/05/2021;3734756_139987;MC
CF/2021/16460;12/05/2021;3734756_139987;MC
CF/2021/16489;12/05/2021;3734756_139987;MC
CF/2021/14880;12/05/2021;3734756_139987;MC
CF/2021/16468;12/05/2021;3734756_139987;MC
CF/2021/14885;12/05/2021;3734756_139987;MC
CF/2021/16473;12/05/2021;3734756_139987;MC
CF/2021/14888;12/05/2021;3734756_139987;MC
CF/2021/16500;12/05/2021;3734756_139987;MC
CF/2021/14864;12/05/2021;3734756_139987;MC
CF/2021/14890;12/05/2021;3734756_139987;MC
CF/2021/14865;12/05/2021;3734756_139987;MC
CF/2021/14891;12/05/2021;3734756_139987;MC
CF/2021/14866;12/05/2021;3734756_139987;MC
CF/2021/14867;12/05/2021;3734756_139987;MC
CF/2021/14894;12/05/2021;3734756_139987;MC
CF/2021/14869;12/05/2021;3734756_139987;MC
CF/2021/16481;12/05/2021;3734756_139987;MC
CF/2021/14898;12/05/2021;3734756_139987;MC
CF/2021/14901;12/05/2021;3734756_139987;MC
CF/2021/14932;12/05/2021;3734756_139987;MC
CF/2021/14907;12/05/2021;3734756_139987;MC
CF/2021/14935;12/05/2021;3734756_139987;MC
CF/2021/16521;12/05/2021;3734756_139987;MC
CF/2021/14910;12/05/2021;3734756_139987;MC
CF/2021/16549;12/05/2021;3734756_139987;MC
CF/2021/14913;12/05/2021;3734756_139987;MC
CF/2021/14940;12/05/2021;3734756_139987;MC
CF/2021/14915;12/05/2021;3734756_139987;MC
CF/2021/14917;12/05/2021;3734756_139987;MC
CF/2021/14918;12/05/2021;3734756_139987;MC
CF/2021/16531;12/05/2021;3734756_139987;MC
CF/2021/16560;12/05/2021;3734756_139987;MC
CF/2021/16561;12/05/2021;3734756_139987;MC
CF/2021/14926;12/05/2021;3734756_139987;MC
CF/2021/14952;12/05/2021;3734756_139987;MC
CF/2021/14927;12/05/2021;3734756_139987;MC
CF/2021/16540;12/05/2021;3734756_139987;MC
CF/2021/14954;12/05/2021;3734756_139987;MC
CF/2021/14955;12/05/2021;3734756_139987;MC
CF/2021/16569;12/05/2021;3734756_139987;MC
CF/2021/14931;12/05/2021;3734756_139987;MC
CF/2021/14958;12/05/2021;3734756_139987;MC
CF/2021/14968;12/05/2021;3734756_139987;MC
CF/2021/14996;12/05/2021;3734756_139987;MC
CF/2021/14997;12/05/2021;3734756_139987;MC
CF/2021/14974;12/05/2021;3734756_139987;MC
CF/2021/15003;12/05/2021;3734756_139987;MC
CF/2021/16591;12/05/2021;3734756_139987;MC
CF/2021/14982;12/05/2021;3734756_139987;MC
CF/2021/15011;12/05/2021;3734756_139987;MC
CF/2021/16598;12/05/2021;3734756_139987;MC
CF/2021/14987;12/05/2021;3734756_139987;MC
CF/2021/15014;12/05/2021;3734756_139987;MC
CF/2021/16600;12/05/2021;3734756_139987;MC
CF/2021/16628;12/05/2021;3734756_139987;MC
CF/2021/15018;12/05/2021;3734756_139987;MC
CF/2021/16632;12/05/2021;3734756_139987;MC
CF/2021/15023;12/05/2021;3734756_139987;MC
CF/2021/15026;12/05/2021;3734756_139987;MC
CF/2021/15056;12/05/2021;3734756_139987;MC
CF/2021/15057;12/05/2021;3734756_139987;MC
CF/2021/15031;12/05/2021;3734756_139987;MC
CF/2021/15032;12/05/2021;3734756_139987;MC
CF/2021/16671;12/05/2021;3734756_139987;MC
CF/2021/15033;12/05/2021;3734756_139987;MC
CF/2021/16645;12/05/2021;3734756_139987;MC
CF/2021/16646;12/05/2021;3734756_139987;MC
CF/2021/15061;12/05/2021;3734756_139987;MC
CF/2021/16649;12/05/2021;3734756_139987;MC
CF/2021/15063;12/05/2021;3734756_139987;MC
CF/2021/15037;12/05/2021;3734756_139987;MC
CF/2021/15065;12/05/2021;3734756_139987;MC
CF/2021/15040;12/05/2021;3734756_139987;MC
CF/2021/16679;12/05/2021;3734756_139987;MC
CF/2021/15067;12/05/2021;3734756_139987;MC
CF/2021/16680;12/05/2021;3734756_139987;MC
CF/2021/15069;12/05/2021;3734756_139987;MC
CF/2021/15070;12/05/2021;3734756_139987;MC
CF/2021/15044;12/05/2021;3734756_139987;MC
CF/2021/16683;12/05/2021;3734756_139987;MC
CF/2021/15048;12/05/2021;3734756_139987;MC
CF/2021/16660;12/05/2021;3734756_139987;MC
CF/2021/15076;12/05/2021;3734756_139987;MC
CF/2021/15050;12/05/2021;3734756_139987;MC
CF/2021/16662;12/05/2021;3734756_139987;RC
CF/2021/15051;12/05/2021;3734756_139987;RC
CF/2021/16664;12/05/2021;3734756_139987;MC
CF/2021/15082;12/05/2021;3734756_139987;MC
CF/2021/15083;12/05/2021;3734756_139987;MC
CF/2021/15084;12/05/2021;3734756_139987;MC
CF/2021/16698;12/05/2021;3734756_139987;MC
CF/2021/15087;12/05/2021;3734756_139987;MC
CF/2021/15118;12/05/2021;3734756_139987;MC
CF/2021/15093;12/05/2021;3734756_139987;MC
CF/2021/15094;12/05/2021;3734756_139987;MC
CF/2021/13464;12/05/2021;3734948_139988;MC
CF/2021/16707;12/05/2021;3734756_139987;MC
CF/2021/15125;12/05/2021;3734756_139987;MC
CF/2021/13469;12/05/2021;3734948_139988;MC
CF/2021/15102;12/05/2021;3734756_139987;MC
CF/2021/15131;12/05/2021;3734756_139987;MC
CF/2021/16718;12/05/2021;3734756_139987;MC
CF/2021/15106;12/05/2021;3734756_139987;RC
CF/2021/16720;12/05/2021;3734756_139987;MC
CF/2021/13478;12/05/2021;3734948_139988;MC
CF/2021/15113;12/05/2021;3734756_139987;MC
CF/2021/15139;12/05/2021;3734756_139987;RC
CF/2021/13483;12/05/2021;3734948_139988;MC
CF/2021/15114;12/05/2021;3734756_139987;MC
CF/2021/15142;12/05/2021;3734756_139987;MC
CF/2021/15117;12/05/2021;3734756_139987;MC
CF/2021/15144;12/05/2021;3734756_139987;MC
CF/2021/13489;12/05/2021;3734948_139988;MC
CF/2021/15153;12/05/2021;3734756_139987;MC
CF/2021/15180;12/05/2021;3734756_139987;MC
CF/2021/15183;12/05/2021;3734756_139987;MC
CF/2021/15184;12/05/2021;3734756_139987;MC
CF/2021/15158;12/05/2021;3734756_139987;MC
CF/2021/15160;12/05/2021;3734756_139987;MC
CF/2021/15163;12/05/2021;3734756_139987;MC
CF/2021/13510;12/05/2021;3734948_139988;MC
CF/2021/15194;12/05/2021;3734756_139987;MC
CF/2021/15195;12/05/2021;3734756_139987;MC
CF/2021/13514;12/05/2021;3734948_139988;MC
CF/2021/15172;12/05/2021;3734756_139987;MC
CF/2021/15200;12/05/2021;3734756_139987;MC
CF/2021/13519;12/05/2021;3734948_139988;MC
CF/2021/15177;12/05/2021;3734756_139987;MC
CF/2021/15203;12/05/2021;3734756_139987;MC
CF/2021/15204;12/05/2021;3734756_139987;MC
CF/2021/13522;12/05/2021;3734948_139988;MC
CF/2021/13551;12/05/2021;3734948_139988;MC
CF/2021/13553;12/05/2021;3734948_139988;MC
CF/2021/15211;12/05/2021;3734756_139987;MC
CF/2021/15212;12/05/2021;3734756_139987;MC
CF/2021/15215;12/05/2021;3734756_139987;MC
CF/2021/15242;12/05/2021;3734756_139987;MC
CF/2021/15216;12/05/2021;3734756_139987;NS
CF/2021/15243;12/05/2021;3734756_139987;MC
CF/2021/15245;12/05/2021;3734756_139987;MC
CF/2021/15221;12/05/2021;3734756_139987;MC
CF/2021/15247;12/05/2021;3734756_139987;MC
CF/2021/15250;12/05/2021;3734756_139987;MC
CF/2021/15224;12/05/2021;3734756_139987;MC
CF/2021/15252;12/05/2021;3734756_139987;MC
CF/2021/15226;12/05/2021;3734756_139987;MC
CF/2021/15228;12/05/2021;3734756_139987;MC
CF/2021/15230;12/05/2021;3734756_139987;MC
CF/2021/15231;12/05/2021;3734756_139987;MC
CF/2021/15258;12/05/2021;3734756_139987;MC
CF/2021/15233;12/05/2021;3734756_139987;MC
CF/2021/15264;12/05/2021;3734756_139987;MC
CF/2021/15238;12/05/2021;3734756_139987;MC
CF/2021/15239;12/05/2021;3734756_139987;MC
CF/2021/13254;12/05/2021;3734954_139989;MC
CF/2021/15267;12/05/2021;3734756_139987;MC
CF/2021/15270;12/05/2021;3734756_139987;MC
CF/2021/15271;12/05/2021;3734756_139987;MC
CF/2021/15275;12/05/2021;3734756_139987;MC
CF/2021/13265;12/05/2021;3734954_139989;MC
CF/2021/15276;12/05/2021;3734756_139987;MC
CF/2021/15278;12/05/2021;3734756_139987;MC
CF/2021/15304;12/05/2021;3734756_139987;MC
CF/2021/15309;12/05/2021;3734756_139987;MC
CF/2021/15284;12/05/2021;3734756_139987;MC
CF/2021/15312;12/05/2021;3734756_139987;MC
CF/2021/15287;12/05/2021;3734756_139987;MC
CF/2021/13276;12/05/2021;3734954_139989;RC
CF/2021/13303;12/05/2021;3734954_139989;MC
CF/2021/15289;12/05/2021;3734756_139987;MC
CF/2021/15317;12/05/2021;3734756_139987;MC
CF/2021/13287;12/05/2021;3734954_139989;MC
CF/2021/15300;12/05/2021;3734756_139987;MC
CF/2021/15301;12/05/2021;3734756_139987;MC
CF/2021/15302;12/05/2021;3734756_139987;MC
CF/2021/15303;12/05/2021;3734756_139987;MC
CF/2021/13319;12/05/2021;3734954_139989;MC
CF/2021/15330;12/05/2021;3734756_139987;MC
CF/2021/13326;12/05/2021;3734954_139989;MC
CF/2021/15340;12/05/2021;3734756_139987;MC
CF/2021/15366;12/05/2021;3734756_139987;MC
CF/2021/13357;12/05/2021;3734954_139989;MC
CF/2021/13331;12/05/2021;3734954_139989;MC
CF/2021/15344;12/05/2021;3734756_139987;MC
CF/2021/13335;12/05/2021;3734954_139989;MC
CF/2021/13362;12/05/2021;3734954_139989;MC
CF/2021/15375;12/05/2021;3734756_139987;MC
CF/2021/15351;12/05/2021;3734756_139987;MC
CF/2021/13366;12/05/2021;3734954_139989;RC
CF/2021/15379;12/05/2021;3734756_139987;MC
CF/2021/13370;12/05/2021;3734954_139989;MC
CF/2021/15382;12/05/2021;3734756_139987;MC
CF/2021/15359;12/05/2021;3734756_139987;MC
CF/2021/15360;12/05/2021;3734756_139987;MC
CF/2021/13376;12/05/2021;3734954_139989;RC
CF/2021/13379;12/05/2021;3734954_139989;MC
CF/2021/15390;12/05/2021;3734756_139987;MC
CF/2021/13354;12/05/2021;3734954_139989;MC
CF/2021/15393;12/05/2021;3734756_139987;MC
CF/2021/15395;12/05/2021;3734756_139987;MC
CF/2021/13385;12/05/2021;3734954_139989;MC
CF/2021/15397;12/05/2021;3734756_139987;MC
CF/2021/13418;12/05/2021;3734954_139989;MC
CF/2021/15429;12/05/2021;3734756_139987;MC
CF/2021/13419;12/05/2021;3734954_139989;MC
CF/2021/15437;12/05/2021;3734756_139987;MC
CF/2021/15438;12/05/2021;3734756_139987;MC
CF/2021/15414;12/05/2021;3734756_139987;MC
CF/2021/15442;12/05/2021;3734756_139987;MC
CF/2021/15443;12/05/2021;3734756_139987;MC
CF/2021/13433;12/05/2021;3734954_139989;MC
CF/2021/15419;12/05/2021;3734756_139987;RC
CF/2021/15446;12/05/2021;3734756_139987;MC
CF/2021/15447;12/05/2021;3734756_139987;MC
CF/2021/15449;12/05/2021;3734756_139987;MC
CF/2021/13412;12/05/2021;3734954_139989;MC
CF/2021/15450;12/05/2021;3734756_139987;MC
CF/2021/13442;12/05/2021;3734954_139989;RC
CF/2021/15464;12/05/2021;3734756_139987;MC
CF/2021/13456;12/05/2021;3734954_139989;RC
CF/2021/15469;12/05/2021;3734756_139987;MC
CF/2021/15496;12/05/2021;3734756_139987;MC
CF/2021/15471;12/05/2021;3734756_139987;MC
CF/2021/15501;12/05/2021;3734756_139987;MC
CF/2021/15504;12/05/2021;3734756_139987;MC
CF/2021/15481;12/05/2021;3734756_139987;MC
CF/2021/15508;12/05/2021;3734756_139987;MC
CF/2021/15484;12/05/2021;3734756_139987;MC
CF/2021/15511;12/05/2021;3734756_139987;MC
CF/2021/15489;12/05/2021;3734756_139987;MC
CF/2021/13607;12/05/2021;3734756_139987;MC
CF/2021/13608;12/05/2021;3734756_139987;MC
CF/2021/13635;12/05/2021;3734756_139987;MC
CF/2021/13649;12/05/2021;3734756_139987;MC
CF/2021/13628;12/05/2021;3734756_139987;MC
CF/2021/13669;12/05/2021;3734756_139987;MC
CF/2021/13696;12/05/2021;3734756_139987;MC
CF/2021/13697;12/05/2021;3734756_139987;MC
CF/2021/13763;12/05/2021;3734756_139987;MC
CF/2021/13788;12/05/2021;3734756_139987;MC
CF/2021/13821;12/05/2021;3734756_139987;MC
CF/2021/13800;12/05/2021;3734756_139987;MC
CF/2021/13804;12/05/2021;3734756_139987;MC
CF/2021/13808;12/05/2021;3734756_139987;MC
CF/2021/13842;12/05/2021;3734756_139987;MC
CF/2021/13849;12/05/2021;3734756_139987;MC
CF/2021/13881;12/05/2021;3734756_139987;MC
CF/2021/13858;12/05/2021;3734756_139987;MC
CF/2021/13867;12/05/2021;3734756_139987;MC
CF/2021/13943;12/05/2021;3734756_139987;MC
CF/2021/13920;12/05/2021;3734756_139987;MC
CF/2021/13931;12/05/2021;3734756_139987;MC
CF/2021/13932;12/05/2021;3734756_139987;MC
CF/2021/13934;12/05/2021;3734756_139987;MC
CF/2021/13938;12/05/2021;3734756_139987;MC
CF/2021/13939;12/05/2021;3734756_139987;MC
CF/2021/14351;12/05/2021;3734756_139987;MC
CF/2021/14380;12/05/2021;3734756_139987;MC
CF/2021/14359;12/05/2021;3734756_139987;MC
CF/2021/14373;12/05/2021;3734756_139987;MC
CF/2021/14417;12/05/2021;3734756_139987;MC
CF/2021/14423;12/05/2021;3734756_139987;MC
CF/2021/14451;12/05/2021;3734756_139987;MC
CF/2021/14452;12/05/2021;3734756_139987;MC
CF/2021/14433;12/05/2021;3734756_139987;MC
CF/2021/14471;12/05/2021;3734756_139987;MC
CF/2021/14503;12/05/2021;3734756_139987;MC
CF/2021/14505;12/05/2021;3734756_139987;MC
CF/2021/14513;12/05/2021;3734756_139987;MC
CF/2021/14490;12/05/2021;3734756_139987;MC
CF/2021/14496;12/05/2021;3734756_139987;MC
CF/2021/14537;12/05/2021;3734756_139987;MC
CF/2021/14547;12/05/2021;3734756_139987;MC
CF/2021/14551;12/05/2021;3734756_139987;MC
CF/2021/14588;12/05/2021;3734756_139987;MC
CF/2021/14623;12/05/2021;3734756_139987;MC
CF/2021/14607;12/05/2021;3734756_139987;MC
CF/2021/14633;12/05/2021;3734756_139987;MC
CF/2021/14616;12/05/2021;3734756_139987;MC
CF/2021/14682;12/05/2021;3734756_139987;MC
CF/2021/14753;12/05/2021;3734756_139987;MC
CF/2021/14769;12/05/2021;3734756_139987;MC
CF/2021/14808;12/05/2021;3734756_139987;MC
CF/2021/14787;12/05/2021;3734756_139987;MC
CF/2021/14796;12/05/2021;3734756_139987;MC
CF/2021/14825;12/05/2021;3734756_139987;MC
CF/2021/14828;12/05/2021;3734756_139987;MC
CF/2021/14900;12/05/2021;3734756_139987;MC
CF/2021/14936;12/05/2021;3734756_139987;MC
CF/2021/14943;12/05/2021;3734756_139987;MC
CF/2021/14948;12/05/2021;3734756_139987;MC
CF/2021/14962;12/05/2021;3734756_139987;MC
CF/2021/14965;12/05/2021;3734756_139987;MC
CF/2021/14977;12/05/2021;3734756_139987;MC
CF/2021/14978;12/05/2021;3734756_139987;MC
CF/2021/15047;12/05/2021;3734756_139987;MC
CF/2021/15119;12/05/2021;3734756_139987;MC
CF/2021/15120;12/05/2021;3734756_139987;MC
CF/2021/15096;12/05/2021;3734756_139987;MC
CF/2021/15130;12/05/2021;3734756_139987;MC
CF/2021/15134;12/05/2021;3734756_139987;MC
CF/2021/15146;12/05/2021;3734756_139987;MC
CF/2021/15155;12/05/2021;3734756_139987;MC
CF/2021/15168;12/05/2021;3734756_139987;MC
CF/2021/15171;12/05/2021;3734756_139987;MC
CF/2021/15220;12/05/2021;3734756_139987;MC
CF/2021/15263;12/05/2021;3734756_139987;MC
CF/2021/15306;12/05/2021;3734756_139987;MC
CF/2021/15281;12/05/2021;3734756_139987;MC
CF/2021/15308;12/05/2021;3734756_139987;MC
CF/2021/15316;12/05/2021;3734756_139987;MC
CF/2021/15370;12/05/2021;3734756_139987;MC
CF/2021/15376;12/05/2021;3734756_139987;MC
CF/2021/15352;12/05/2021;3734756_139987;MC
CF/2021/15385;12/05/2021;3734756_139987;MC
CF/2021/15386;12/05/2021;3734756_139987;MC
CF/2021/15406;12/05/2021;3734756_139987;MC
CF/2021/15441;12/05/2021;3734756_139987;MC
CF/2021/13630;12/05/2021;3734756_139987;MC
CF/2021/13613;12/05/2021;3734756_139987;MC
CF/2021/13614;12/05/2021;3734756_139987;MC
CF/2021/13616;12/05/2021;3734756_139987;MC
CF/2021/13655;12/05/2021;3734756_139987;MC
CF/2021/13629;12/05/2021;3734756_139987;MC
CF/2021/13663;12/05/2021;3734756_139987;MC
CF/2021/13667;12/05/2021;3734756_139987;MC
CF/2021/13715;12/05/2021;3734756_139987;MC
CF/2021/13716;12/05/2021;3734756_139987;MC
CF/2021/13729;12/05/2021;3734756_139987;MC
CF/2021/13735;12/05/2021;3734756_139987;MC
CF/2021/13744;12/05/2021;3734756_139987;MC
CF/2021/13777;12/05/2021;3734756_139987;MC
CF/2021/13828;12/05/2021;3734756_139987;MC
CF/2021/13815;12/05/2021;3734756_139987;MC
CF/2021/13841;12/05/2021;3734756_139987;MC
CF/2021/13879;12/05/2021;3734756_139987;MC
CF/2021/13880;12/05/2021;3734756_139987;MC
CF/2021/13868;12/05/2021;3734756_139987;MC
CF/2021/13904;12/05/2021;3734756_139987;MC
CF/2021/15525;12/05/2021;3734756_139987;MC
CF/2021/13942;12/05/2021;3734756_139987;MC
CF/2021/15555;12/05/2021;3734756_139987;MC
CF/2021/15530;12/05/2021;3734756_139987;MC
CF/2021/13925;12/05/2021;3734756_139987;MC
CF/2021/15565;12/05/2021;3734756_139987;MC
CF/2021/15539;12/05/2021;3734756_139987;MC
CF/2021/15570;12/05/2021;3734756_139987;MC
CF/2021/15545;12/05/2021;3734756_139987;MC
CF/2021/15550;12/05/2021;3734756_139987;MC
CF/2021/15577;12/05/2021;3734756_139987;MC
CF/2021/15590;12/05/2021;3734756_139987;MC
CF/2021/15591;12/05/2021;3734756_139987;MC
CF/2021/15592;12/05/2021;3734756_139987;MC
CF/2021/15599;12/05/2021;3734756_139987;MC
CF/2021/15634;12/05/2021;3734756_139987;MC
CF/2021/15609;12/05/2021;3734756_139987;MC
CF/2021/15640;12/05/2021;3734756_139987;MC
CF/2021/15762;12/05/2021;3734756_139987;MC
CF/2021/15769;12/05/2021;3734756_139987;MC
CF/2021/15772;12/05/2021;3734756_139987;MC
CF/2021/15776;12/05/2021;3734756_139987;MC
CF/2021/15804;12/05/2021;3734756_139987;MC
CF/2021/15786;12/05/2021;3734756_139987;MC
CF/2021/15787;12/05/2021;3734756_139987;MC
CF/2021/15830;12/05/2021;3734756_139987;MC
CF/2021/15924;12/05/2021;3734756_139987;MC
CF/2021/15927;12/05/2021;3734756_139987;MC
CF/2021/15932;12/05/2021;3734756_139987;MC
CF/2021/15937;12/05/2021;3734756_139987;MC
CF/2021/15946;12/05/2021;3734756_139987;MC
CF/2021/14340;12/05/2021;3734756_139987;MC
CF/2021/15956;12/05/2021;3734756_139987;MC
CF/2021/14348;12/05/2021;3734756_139987;RC
CF/2021/14352;12/05/2021;3734756_139987;MC
CF/2021/14357;12/05/2021;3734756_139987;MC
CF/2021/14384;12/05/2021;3734756_139987;MC
CF/2021/14385;12/05/2021;3734756_139987;MC
CF/2021/15998;12/05/2021;3734756_139987;MC
CF/2021/16001;12/05/2021;3734756_139987;MC
CF/2021/14389;12/05/2021;3734756_139987;MC
CF/2021/14367;12/05/2021;3734756_139987;MC
CF/2021/14393;12/05/2021;3734756_139987;MC
CF/2021/15980;12/05/2021;3734756_139987;MC
CF/2021/15984;12/05/2021;3734756_139987;MC
CF/2021/14399;12/05/2021;3734756_139987;MC
CF/2021/14403;12/05/2021;3734756_139987;MC
CF/2021/16019;12/05/2021;3734756_139987;MC
CF/2021/16022;12/05/2021;3734756_139987;MC
CF/2021/16024;12/05/2021;3734756_139987;MC
CF/2021/14439;12/05/2021;3734756_139987;MC
CF/2021/16027;12/05/2021;3734756_139987;MC
CF/2021/14453;12/05/2021;3734756_139987;MC
CF/2021/14455;12/05/2021;3734756_139987;MC
CF/2021/14430;12/05/2021;3734756_139987;MC
CF/2021/14462;12/05/2021;3734756_139987;MC
CF/2021/14467;12/05/2021;3734756_139987;MC
CF/2021/14498;12/05/2021;3734756_139987;MC
CF/2021/16115;12/05/2021;3734756_139987;MC
CF/2021/16118;12/05/2021;3734756_139987;MC
CF/2021/14480;12/05/2021;3734756_139987;MC
CF/2021/16119;12/05/2021;3734756_139987;MC
CF/2021/14507;12/05/2021;3734756_139987;MC
CF/2021/14510;12/05/2021;3734756_139987;MC
CF/2021/14486;12/05/2021;3734756_139987;MC
CF/2021/16130;12/05/2021;3734756_139987;MC
CF/2021/14497;12/05/2021;3734756_139987;MC
CF/2021/14525;12/05/2021;3734756_139987;MC
CF/2021/14526;12/05/2021;3734756_139987;MC
CF/2021/16176;12/05/2021;3734756_139987;MC
CF/2021/16153;12/05/2021;3734756_139987;MC
CF/2021/14541;12/05/2021;3734756_139987;MC
CF/2021/16180;12/05/2021;3734756_139987;MC
CF/2021/14568;12/05/2021;3734756_139987;MC
CF/2021/14544;12/05/2021;3734756_139987;MC
CF/2021/16185;12/05/2021;3734756_139987;MC
CF/2021/16160;12/05/2021;3734756_139987;MC
CF/2021/14548;12/05/2021;3734756_139987;MC
CF/2021/14575;12/05/2021;3734756_139987;MC
CF/2021/16162;12/05/2021;3734756_139987;MC
CF/2021/14578;12/05/2021;3734756_139987;MC
CF/2021/16193;12/05/2021;3734756_139987;MC
CF/2021/16194;12/05/2021;3734756_139987;MC
CF/2021/16197;12/05/2021;3734756_139987;MC
CF/2021/16198;12/05/2021;3734756_139987;MC
CF/2021/16199;12/05/2021;3734756_139987;MC
CF/2021/16202;12/05/2021;3734756_139987;MC
CF/2021/16206;12/05/2021;3734756_139987;MC
CF/2021/16235;12/05/2021;3734756_139987;MC
CF/2021/16210;12/05/2021;3734756_139987;MC
CF/2021/14625;12/05/2021;3734756_139987;MC
CF/2021/16248;12/05/2021;3734756_139987;MC
CF/2021/16231;12/05/2021;3734756_139987;MC
CF/2021/16267;12/05/2021;3734756_139987;MC
CF/2021/16297;12/05/2021;3734756_139987;MC
CF/2021/16275;12/05/2021;3734756_139987;MC
CF/2021/16301;12/05/2021;3734756_139987;MC
CF/2021/16304;12/05/2021;3734756_139987;MC
CF/2021/16310;12/05/2021;3734756_139987;MC
CF/2021/16313;12/05/2021;3734756_139987;MC
CF/2021/16321;12/05/2021;3734756_139987;MC
CF/2021/16360;12/05/2021;3734756_139987;MC
CF/2021/16336;12/05/2021;3734756_139987;MC
CF/2021/16363;12/05/2021;3734756_139987;MC
CF/2021/16341;12/05/2021;3734756_139987;MC
CF/2021/16370;12/05/2021;3734756_139987;MC
CF/2021/16344;12/05/2021;3734756_139987;MC
CF/2021/14760;12/05/2021;3734756_139987;MC
CF/2021/14735;12/05/2021;3734756_139987;MC
CF/2021/16377;12/05/2021;3734756_139987;MC
CF/2021/14739;12/05/2021;3734756_139987;MC
CF/2021/16355;12/05/2021;3734756_139987;MC
CF/2021/16386;12/05/2021;3734756_139987;MC
CF/2021/16389;12/05/2021;3734756_139987;MC
CF/2021/16395;12/05/2021;3734756_139987;MC
CF/2021/16398;12/05/2021;3734756_139987;MC
CF/2021/14814;12/05/2021;3734756_139987;MC
CF/2021/16428;12/05/2021;3734756_139987;MC
CF/2021/14816;12/05/2021;3734756_139987;MC
CF/2021/16403;12/05/2021;3734756_139987;MC
CF/2021/16430;12/05/2021;3734756_139987;MC
CF/2021/14792;12/05/2021;3734756_139987;MC
CF/2021/14818;12/05/2021;3734756_139987;MC
CF/2021/14795;12/05/2021;3734756_139987;MC
CF/2021/16435;12/05/2021;3734756_139987;MC
CF/2021/14802;12/05/2021;3734756_139987;MC
CF/2021/14835;12/05/2021;3734756_139987;MC
CF/2021/16453;12/05/2021;3734756_139987;MC
CF/2021/14841;12/05/2021;3734756_139987;MC
CF/2021/16455;12/05/2021;3734756_139987;MC
CF/2021/16482;12/05/2021;3734756_139987;MC
CF/2021/14872;12/05/2021;3734756_139987;MC
CF/2021/16487;12/05/2021;3734756_139987;MC
CF/2021/14849;12/05/2021;3734756_139987;MC
CF/2021/16464;12/05/2021;3734756_139987;MC
CF/2021/16492;12/05/2021;3734756_139987;MC
CF/2021/14854;12/05/2021;3734756_139987;MC
CF/2021/14857;12/05/2021;3734756_139987;MC
CF/2021/14860;12/05/2021;3734756_139987;MC
CF/2021/16503;12/05/2021;3734756_139987;MC
CF/2021/16477;12/05/2021;3734756_139987;MC
CF/2021/16505;12/05/2021;3734756_139987;MC
CF/2021/16506;12/05/2021;3734756_139987;MC
CF/2021/16508;12/05/2021;3734756_139987;MC
CF/2021/16515;12/05/2021;3734756_139987;MC
CF/2021/16518;12/05/2021;3734756_139987;MC
CF/2021/16545;12/05/2021;3734756_139987;MC
CF/2021/16548;12/05/2021;3734756_139987;MC
CF/2021/16552;12/05/2021;3734756_139987;MC
CF/2021/14944;12/05/2021;3734756_139987;MC
CF/2021/16557;12/05/2021;3734756_139987;MC
CF/2021/16533;12/05/2021;3734756_139987;MC
CF/2021/14947;12/05/2021;3734756_139987;MC
CF/2021/16564;12/05/2021;3734756_139987;MC
CF/2021/16568;12/05/2021;3734756_139987;MC
CF/2021/14959;12/05/2021;3734756_139987;MC
CF/2021/16572;12/05/2021;3734756_139987;MC
CF/2021/16574;12/05/2021;3734756_139987;MC
CF/2021/16576;12/05/2021;3734756_139987;MC
CF/2021/16579;12/05/2021;3734756_139987;MC
CF/2021/16580;12/05/2021;3734756_139987;MC
CF/2021/14970;12/05/2021;3734756_139987;MC
CF/2021/16609;12/05/2021;3734756_139987;MC
CF/2021/16588;12/05/2021;3734756_139987;MC
CF/2021/16615;12/05/2021;3734756_139987;MC
CF/2021/16590;12/05/2021;3734756_139987;MC
CF/2021/16618;12/05/2021;3734756_139987;MC
CF/2021/16619;12/05/2021;3734756_139987;MC
CF/2021/16622;12/05/2021;3734756_139987;MC
CF/2021/16597;12/05/2021;3734756_139987;MC
CF/2021/16601;12/05/2021;3734756_139987;MC
CF/2021/16604;12/05/2021;3734756_139987;MC
CF/2021/14992;12/05/2021;3734756_139987;MC
CF/2021/16631;12/05/2021;3734756_139987;MC
CF/2021/16635;12/05/2021;3734756_139987;MC
CF/2021/16636;12/05/2021;3734756_139987;MC
CF/2021/16637;12/05/2021;3734756_139987;MC
CF/2021/16640;12/05/2021;3734756_139987;MC
CF/2021/16648;12/05/2021;3734756_139987;MC
CF/2021/16676;12/05/2021;3734756_139987;MC
CF/2021/16677;12/05/2021;3734756_139987;MC
CF/2021/16678;12/05/2021;3734756_139987;MC
CF/2021/16654;12/05/2021;3734756_139987;MC
CF/2021/16657;12/05/2021;3734756_139987;MC
CF/2021/16688;12/05/2021;3734756_139987;MC
CF/2021/16692;12/05/2021;3734756_139987;MC
CF/2021/16697;12/05/2021;3734756_139987;MC
CF/2021/16703;12/05/2021;3734756_139987;MC
CF/2021/16705;12/05/2021;3734756_139987;MC
CF/2021/16706;12/05/2021;3734756_139987;MC
CF/2021/13466;12/05/2021;3734948_139988;MC
CF/2021/15123;12/05/2021;3734756_139987;MC
CF/2021/16711;12/05/2021;3734756_139987;MC
CF/2021/16712;12/05/2021;3734756_139987;MC
CF/2021/16714;12/05/2021;3734756_139987;MC
CF/2021/15132;12/05/2021;3734756_139987;MC
CF/2021/13477;12/05/2021;3734948_139988;MC
CF/2021/15135;12/05/2021;3734756_139987;MC
CF/2021/15111;12/05/2021;3734756_139987;MC
CF/2021/13482;12/05/2021;3734948_139988;MC
CF/2021/16726;12/05/2021;3734756_139987;MC
CF/2021/13484;12/05/2021;3734948_139988;MC
CF/2021/13488;12/05/2021;3734948_139988;MC
CF/2021/15151;12/05/2021;3734756_139987;MC
CF/2021/13495;12/05/2021;3734948_139988;MC
CF/2021/13499;12/05/2021;3734948_139988;MC
CF/2021/13529;12/05/2021;3734948_139988;MC
CF/2021/15162;12/05/2021;3734756_139987;MC
CF/2021/13532;12/05/2021;3734948_139988;MC
CF/2021/13536;12/05/2021;3734948_139988;MC
CF/2021/15167;12/05/2021;3734756_139987;MC
CF/2021/13511;12/05/2021;3734948_139988;MC
CF/2021/13537;12/05/2021;3734948_139988;MC
CF/2021/13540;12/05/2021;3734948_139988;MC
CF/2021/13516;12/05/2021;3734948_139988;MC
CF/2021/13550;12/05/2021;3734948_139988;MC
CF/2021/13560;12/05/2021;3734948_139988;MC
CF/2021/13586;12/05/2021;3734948_139988;MC
CF/2021/13561;12/05/2021;3734948_139988;MC
CF/2021/13587;12/05/2021;3734948_139988;MC
CF/2021/13563;12/05/2021;3734948_139988;MC
CF/2021/15251;12/05/2021;3734756_139987;MC
CF/2021/13595;12/05/2021;3734948_139988;MC
CF/2021/13596;12/05/2021;3734948_139988;MC
CF/2021/13570;12/05/2021;3734948_139988;MC
CF/2021/13600;12/05/2021;3734948_139988;MC
CF/2021/13574;12/05/2021;3734948_139988;MC
CF/2021/13603;12/05/2021;3734948_139988;MC
CF/2021/13604;12/05/2021;3734948_139988;MC
CF/2021/13580;12/05/2021;3734948_139988;MC
CF/2021/13582;12/05/2021;3734948_139988;MC
CF/2021/13256;12/05/2021;3734954_139989;RC
CF/2021/13257;12/05/2021;3734954_139989;RC
CF/2021/13258;12/05/2021;3734954_139989;RC
CF/2021/13264;12/05/2021;3734954_139989;MC
CF/2021/15279;12/05/2021;3734756_139987;MC
CF/2021/13270;12/05/2021;3734954_139989;MC
CF/2021/13271;12/05/2021;3734954_139989;RC
CF/2021/13300;12/05/2021;3734954_139989;MC
CF/2021/15285;12/05/2021;3734756_139987;MC
CF/2021/13275;12/05/2021;3734954_139989;MC
CF/2021/15290;12/05/2021;3734756_139987;MC
CF/2021/13307;12/05/2021;3734954_139989;MC
CF/2021/13282;12/05/2021;3734954_139989;MC
CF/2021/15293;12/05/2021;3734756_139987;MC
CF/2021/13311;12/05/2021;3734954_139989;MC
CF/2021/15327;12/05/2021;3734756_139987;MC
CF/2021/13292;12/05/2021;3734954_139989;MC
CF/2021/15333;12/05/2021;3734756_139987;MC
CF/2021/15336;12/05/2021;3734756_139987;MC
CF/2021/15337;12/05/2021;3734756_139987;MC
CF/2021/13330;12/05/2021;3734954_139989;MC
CF/2021/13359;12/05/2021;3734954_139989;MC
CF/2021/13334;12/05/2021;3734954_139989;MC
CF/2021/15372;12/05/2021;3734756_139987;MC
CF/2021/13365;12/05/2021;3734954_139989;MC
CF/2021/15377;12/05/2021;3734756_139987;MC
CF/2021/15354;12/05/2021;3734756_139987;MC
CF/2021/13346;12/05/2021;3734954_139989;MC
CF/2021/13348;12/05/2021;3734954_139989;RC
CF/2021/15387;12/05/2021;3734756_139987;MC
CF/2021/13377;12/05/2021;3734954_139989;RC
CF/2021/13387;12/05/2021;3734954_139989;MC
CF/2021/13394;12/05/2021;3734954_139989;RC
CF/2021/13425;12/05/2021;3734954_139989;MC
CF/2021/13401;12/05/2021;3734954_139989;MC
CF/2021/13403;12/05/2021;3734954_139989;MC
CF/2021/13404;12/05/2021;3734954_139989;MC
CF/2021/13409;12/05/2021;3734954_139989;MC
CF/2021/15422;12/05/2021;3734756_139987;MC
CF/2021/13441;12/05/2021;3734954_139989;RC
CF/2021/13415;12/05/2021;3734954_139989;RC
CF/2021/13447;12/05/2021;3734954_139989;MC
CF/2021/13449;12/05/2021;3734954_139989;MC
CF/2021/13450;12/05/2021;3734954_139989;RC
;3734756_139987;MC
CF/2021/13709;12/05/2021;3734756_139987;MC
CF/2021/13728;12/05/2021;3734756_139987;MC
CF/2021/13737;12/05/2021;3734756_139987;MC
CF/2021/13743;12/05/2021;3734756_139987;MC
CF/2021/13753;12/05/2021;3734756_139987;MC
CF/2021/13827;12/05/2021;3734756_139987;MC
CF/2021/13802;12/05/2021;3734756_139987;MC
CF/2021/13833;12/05/2021;3734756_139987;MC
CF/2021/13809;12/05/2021;3734756_139987;MC
CF/2021/13854;12/05/2021;3734756_139987;MC
CF/2021/15520;12/05/2021;3734756_139987;MC
CF/2021/15554;12/05/2021;3734756_139987;MC
CF/2021/15560;12/05/2021;3734756_139987;MC
CF/2021/15543;12/05/2021;3734756_139987;MC
CF/2021/15569;12/05/2021;3734756_139987;MC
CF/2021/13933;12/05/2021;3734756_139987;MC
CF/2021/15593;12/05/2021;3734756_139987;MC
CF/2021/15627;12/05/2021;3734756_139987;MC
CF/2021/15680;12/05/2021;3734756_139987;MC
CF/2021/15692;12/05/2021;3734756_139987;MC
CF/2021/15694;12/05/2021;3734756_139987;MC
CF/2021/15740;12/05/2021;3734756_139987;MC
CF/2021/15747;12/05/2021;3734756_139987;MC
CF/2021/15722;12/05/2021;3734756_139987;MC
CF/2021/15754;12/05/2021;3734756_139987;MC
CF/2021/15755;12/05/2021;3734756_139987;MC
CF/2021/15761;12/05/2021;3734756_139987;MC
CF/2021/15782;12/05/2021;3734756_139987;MC
CF/2021/15811;12/05/2021;3734756_139987;MC
CF/2021/15813;12/05/2021;3734756_139987;RC
CF/2021/15817;12/05/2021;3734756_139987;MC
CF/2021/15874;12/05/2021;3734756_139987;MC
CF/2021/15885;12/05/2021;3734756_139987;MC
CF/2021/15907;12/05/2021;3734756_139987;MC
CF/2021/15912;12/05/2021;3734756_139987;MC
CF/2021/15995;12/05/2021;3734756_139987;MC
CF/2021/15974;12/05/2021;3734756_139987;RC
CF/2021/14391;12/05/2021;3734756_139987;MC
CF/2021/15978;12/05/2021;3734756_139987;MC
CF/2021/16015;12/05/2021;3734756_139987;MC
CF/2021/14410;12/05/2021;3734756_139987;MC
CF/2021/16050;12/05/2021;3734756_139987;MC
CF/2021/16029;12/05/2021;3734756_139987;MC
CF/2021/14458;12/05/2021;3734756_139987;MC
CF/2021/14459;12/05/2021;3734756_139987;MC
CF/2021/14434;12/05/2021;3734756_139987;MC
CF/2021/14464;12/05/2021;3734756_139987;MC
CF/2021/16113;12/05/2021;3734756_139987;MC
CF/2021/14482;12/05/2021;3734756_139987;MC
CF/2021/16123;12/05/2021;3734756_139987;MC
CF/2021/16102;12/05/2021;3734756_139987;MC
CF/2021/14520;12/05/2021;3734756_139987;MC
CF/2021/16109;12/05/2021;3734756_139987;MC
CF/2021/16159;12/05/2021;3734756_139987;MC
CF/2021/16189;12/05/2021;3734756_139987;MC
CF/2021/16192;12/05/2021;3734756_139987;MC
CF/2021/14556;12/05/2021;3734756_139987;MC
CF/2021/14583;12/05/2021;3734756_139987;MC
CF/2021/14592;12/05/2021;3734756_139987;MC
CF/2021/16236;12/05/2021;3734756_139987;RC
CF/2021/14603;12/05/2021;3734756_139987;MC
CF/2021/16220;12/05/2021;3734756_139987;MC
CF/2021/16260;12/05/2021;3734756_139987;MC
CF/2021/14650;12/05/2021;3734756_139987;MC
CF/2021/16265;12/05/2021;3734756_139987;MC
CF/2021/16296;12/05/2021;3734756_139987;MC
CF/2021/14664;12/05/2021;3734756_139987;MC
CF/2021/16276;12/05/2021;3734756_139987;MC
CF/2021/16282;12/05/2021;3734756_139987;MC
CF/2021/14673;12/05/2021;3734756_139987;MC
CF/2021/16286;12/05/2021;3734756_139987;MC
CF/2021/16329;12/05/2021;3734756_139987;MC
CF/2021/14723;12/05/2021;3734756_139987;MC
CF/2021/14751;12/05/2021;3734756_139987;MC
CF/2021/14764;12/05/2021;3734756_139987;MC
CF/2021/14772;12/05/2021;3734756_139987;MC
CF/2021/14774;12/05/2021;3734756_139987;MC
CF/2021/16420;12/05/2021;3734756_139987;MC
CF/2021/16402;12/05/2021;3734756_139987;RC
CF/2021/16408;12/05/2021;3734756_139987;MC
CF/2021/14827;12/05/2021;3734756_139987;MC
CF/2021/14887;12/05/2021;3734756_139987;MC
CF/2021/14892;12/05/2021;3734756_139987;MC
CF/2021/16509;12/05/2021;3734756_139987;MC
CF/2021/14916;12/05/2021;3734756_139987;MC
CF/2021/14995;12/05/2021;3734756_139987;MC
CF/2021/16585;12/05/2021;3734756_139987;MC
CF/2021/15028;12/05/2021;3734756_139987;MC
CF/2021/15060;12/05/2021;3734756_139987;MC
CF/2021/15042;12/05/2021;3734756_139987;MC
CF/2021/15121;12/05/2021;3734756_139987;MC
CF/2021/15128;12/05/2021;3734756_139987;MC
CF/2021/15138;12/05/2021;3734756_139987;RC
CF/2021/16727;12/05/2021;3734756_139987;MC
CF/2021/13485;12/05/2021;3734948_139988;MC
CF/2021/16728;12/05/2021;3734756_139987;NS
CF/2021/15188;12/05/2021;3734756_139987;MC
CF/2021/15176;12/05/2021;3734756_139987;MC
CF/2021/13548;12/05/2021;3734948_139988;MC
CF/2021/13555;12/05/2021;3734948_139988;MC
CF/2021/13559;12/05/2021;3734948_139988;MC
CF/2021/13599;12/05/2021;3734948_139988;MC
CF/2021/15261;12/05/2021;3734756_139987;MC
CF/2021/15262;12/05/2021;3734756_139987;MC
CF/2021/15307;12/05/2021;3734756_139987;MC
CF/2021/13296;12/05/2021;3734954_139989;MC
CF/2021/13281;12/05/2021;3734954_139989;RC
CF/2021/15321;12/05/2021;3734756_139987;MC
CF/2021/15348;12/05/2021;3734756_139987;MC
CF/2021/13341;12/05/2021;3734954_139989;MC
CF/2021/13372;12/05/2021;3734954_139989;MC
CF/2021/15433;12/05/2021;3734756_139987;MC
CF/2021/15423;12/05/2021;3734756_139987;MC
CF/2021/15426;12/05/2021;3734756_139987;MC
CF/2021/13444;12/05/2021;3734954_139989;MC
CF/2021/15456;12/05/2021;3734756_139987;MC
CF/2021/13454;12/05/2021;3734954_139989;MC
CF/2021/15477;12/05/2021;3734756_139987;MC
CF/2021/15486;12/05/2021;3734756_139987;MC
CF/2021/13620;12/05/2021;3734756_139987;MC
CF/2021/13621;12/05/2021;3734756_139987;MC
CF/2021/13624;12/05/2021;3734756_139987;MC
CF/2021/13651;12/05/2021;3734756_139987;MC
CF/2021/13627;12/05/2021;3734756_139987;MC
CF/2021/13699;12/05/2021;3734756_139987;MC
CF/2021/13703;12/05/2021;3734756_139987;MC
CF/2021/13679;12/05/2021;3734756_139987;MC
CF/2021/13705;12/05/2021;3734756_139987;MC
CF/2021/13682;12/05/2021;3734756_139987;MC
CF/2021/13710;12/05/2021;3734756_139987;MC
CF/2021/13687;12/05/2021;3734756_139987;MC
CF/2021/13714;12/05/2021;3734756_139987;MC
CF/2021/13717;12/05/2021;3734756_139987;MC
CF/2021/13760;12/05/2021;3734756_139987;MC
CF/2021/13736;12/05/2021;3734756_139987;MC
CF/2021/13764;12/05/2021;3734756_139987;MC
CF/2021/13765;12/05/2021;3734756_139987;MC
CF/2021/13741;12/05/2021;3734756_139987;MC
CF/2021/13771;12/05/2021;3734756_139987;MC
CF/2021/13749;12/05/2021;3734756_139987;MC
CF/2021/13789;12/05/2021;3734756_139987;MC
CF/2021/13816;12/05/2021;3734756_139987;MC
CF/2021/13792;12/05/2021;3734756_139987;MC
CF/2021/13831;12/05/2021;3734756_139987;MC
CF/2021/13807;12/05/2021;3734756_139987;MC
CF/2021/13837;12/05/2021;3734756_139987;MC
CF/2021/13813;12/05/2021;3734756_139987;MC
CF/2021/13845;12/05/2021;3734756_139987;MC
CF/2021/13846;12/05/2021;3734756_139987;MC
CF/2021/13850;12/05/2021;3734756_139987;MC
CF/2021/13855;12/05/2021;3734756_139987;MC
CF/2021/13885;12/05/2021;3734756_139987;MC
CF/2021/13889;12/05/2021;3734756_139987;MC
CF/2021/13893;12/05/2021;3734756_139987;MC
CF/2021/15517;12/05/2021;3734756_139987;MC
CF/2021/15518;12/05/2021;3734756_139987;MC
CF/2021/15519;12/05/2021;3734756_139987;MC
CF/2021/15523;12/05/2021;3734756_139987;MC
CF/2021/15524;12/05/2021;3734756_139987;MC
CF/2021/13941;12/05/2021;3734756_139987;MC
CF/2021/15529;12/05/2021;3734756_139987;MC
CF/2021/15556;12/05/2021;3734756_139987;MC
CF/2021/13919;12/05/2021;3734756_139987;MC
CF/2021/15557;12/05/2021;3734756_139987;MC
CF/2021/15532;12/05/2021;3734756_139987;MC
CF/2021/13921;12/05/2021;3734756_139987;MC
CF/2021/15534;12/05/2021;3734756_139987;MC
CF/2021/15535;12/05/2021;3734756_139987;MC
CF/2021/13950;12/05/2021;3734756_139987;MC
CF/2021/15537;12/05/2021;3734756_139987;MC
CF/2021/15564;12/05/2021;3734756_139987;MC
CF/2021/15541;12/05/2021;3734756_139987;MC
CF/2021/13930;12/05/2021;3734756_139987;MC
CF/2021/15568;12/05/2021;3734756_139987;MC
CF/2021/15571;12/05/2021;3734756_139987;MC
CF/2021/15549;12/05/2021;3734756_139987;MC
CF/2021/15579;12/05/2021;3734756_139987;MC
CF/2021/15581;12/05/2021;3734756_139987;MC
CF/2021/15582;12/05/2021;3734756_139987;MC
CF/2021/15586;12/05/2021;3734756_139987;MC
CF/2021/15616;12/05/2021;3734756_139987;MC
CF/2021/15617;12/05/2021;3734756_139987;MC
CF/2021/15618;12/05/2021;3734756_139987;MC
CF/2021/15625;12/05/2021;3734756_139987;MC
CF/2021/15628;12/05/2021;3734756_139987;MC
CF/2021/15605;12/05/2021;3734756_139987;MC
CF/2021/15631;12/05/2021;3734756_139987;MC
CF/2021/15606;12/05/2021;3734756_139987;RC
CF/2021/15610;12/05/2021;3734756_139987;MC
CF/2021/15636;12/05/2021;3734756_139987;MC
CF/2021/15612;12/05/2021;3734756_139987;MC
CF/2021/15638;12/05/2021;3734756_139987;MC
CF/2021/15613;12/05/2021;3734756_139987;MC
CF/2021/15645;12/05/2021;3734756_139987;MC
CF/2021/15676;12/05/2021;3734756_139987;MC
CF/2021/15650;12/05/2021;3734756_139987;MC
CF/2021/15653;12/05/2021;3734756_139987;MC
CF/2021/15682;12/05/2021;3734756_139987;MC
CF/2021/15687;12/05/2021;3734756_139987;MC
CF/2021/15662;12/05/2021;3734756_139987;MC
CF/2021/15663;12/05/2021;3734756_139987;MC
CF/2021/15664;12/05/2021;3734756_139987;MC
CF/2021/15666;12/05/2021;3734756_139987;MC
CF/2021/15668;12/05/2021;3734756_139987;MC
CF/2021/15697;12/05/2021;3734756_139987;MC
CF/2021/15698;12/05/2021;3734756_139987;MC
CF/2021/15675;12/05/2021;3734756_139987;MC
CF/2021/15702;12/05/2021;3734756_139987;MC
CF/2021/15703;12/05/2021;3734756_139987;MC
CF/2021/15713;12/05/2021;3734756_139987;MC
CF/2021/15741;12/05/2021;3734756_139987;MC
CF/2021/15742;12/05/2021;3734756_139987;MC
CF/2021/15744;12/05/2021;3734756_139987;MC
CF/2021/15721;12/05/2021;3734756_139987;MC
CF/2021/15749;12/05/2021;3734756_139987;MC
CF/2021/15723;12/05/2021;3734756_139987;MC
CF/2021/15725;12/05/2021;3734756_139987;MC
CF/2021/15726;12/05/2021;3734756_139987;MC
CF/2021/15752;12/05/2021;3734756_139987;MC
CF/2021/15729;12/05/2021;3734756_139987;MC
CF/2021/15758;12/05/2021;3734756_139987;MC
CF/2021/15736;12/05/2021;3734756_139987;MC
CF/2021/15767;12/05/2021;3734756_139987;MC
CF/2021/15768;12/05/2021;3734756_139987;MC
CF/2021/15801;12/05/2021;3734756_139987;MC
CF/2021/15809;12/05/2021;3734756_139987;MC
CF/2021/15784;12/05/2021;3734756_139987;MC
CF/2021/15788;12/05/2021;3734756_139987;MC
CF/2021/15815;12/05/2021;3734756_139987;MC
CF/2021/15789;12/05/2021;3734756_139987;MC
CF/2021/15791;12/05/2021;3734756_139987;MC
CF/2021/15795;12/05/2021;3734756_139987;MC
CF/2021/15822;12/05/2021;3734756_139987;MC
CF/2021/15796;12/05/2021;3734756_139987;MC
CF/2021/15824;12/05/2021;3734756_139987;MC
CF/2021/15827;12/05/2021;3734756_139987;MC
CF/2021/15828;12/05/2021;3734756_139987;MC
CF/2021/15833;12/05/2021;3734756_139987;MC
CF/2021/15835;12/05/2021;3734756_139987;MC
CF/2021/15837;12/05/2021;3734756_139987;MC
CF/2021/15843;12/05/2021;3734756_139987;MC
CF/2021/15869;12/05/2021;3734756_139987;MC
CF/2021/15871;12/05/2021;3734756_139987;MC
CF/2021/15846;12/05/2021;3734756_139987;MC
CF/2021/15848;12/05/2021;3734756_139987;MC
CF/2021/15875;12/05/2021;3734756_139987;MC
CF/2021/15851;12/05/2021;3734756_139987;MC
CF/2021/15878;12/05/2021;3734756_139987;MC
CF/2021/15881;12/05/2021;3734756_139987;MC
CF/2021/15883;12/05/2021;3734756_139987;MC
CF/2021/15857;12/05/2021;3734756_139987;MC
CF/2021/15861;12/05/2021;3734756_139987;MC
CF/2021/15887;12/05/2021;3734756_139987;MC
CF/2021/15889;12/05/2021;3734756_139987;MC
CF/2021/15891;12/05/2021;3734756_139987;MC
CF/2021/15897;12/05/2021;3734756_139987;MC
CF/2021/15928;12/05/2021;3734756_139987;MC
CF/2021/15903;12/05/2021;3734756_139987;MC
CF/2021/15929;12/05/2021;3734756_139987;MC
CF/2021/15908;12/05/2021;3734756_139987;MC
CF/2021/15935;12/05/2021;3734756_139987;MC
CF/2021/15916;12/05/2021;3734756_139987;MC
CF/2021/15943;12/05/2021;3734756_139987;RC
CF/2021/15944;12/05/2021;3734756_139987;MC
CF/2021/15945;12/05/2021;3734756_139987;MC
CF/2021/15921;12/05/2021;3734756_139987;MC
CF/2021/15922;12/05/2021;3734756_139987;MC
CF/2021/15949;12/05/2021;3734756_139987;MC
CF/2021/15950;12/05/2021;3734756_139987;MC
CF/2021/14344;12/05/2021;3734756_139987;MC
CF/2021/15958;12/05/2021;3734756_139987;MC
CF/2021/15960;12/05/2021;3734756_139987;MC
CF/2021/15986;12/05/2021;3734756_139987;MC
CF/2021/14376;12/05/2021;3734756_139987;MC
CF/2021/15962;12/05/2021;3734756_139987;RC
CF/2021/14377;12/05/2021;3734756_139987;MC
CF/2021/15965;12/05/2021;3734756_139987;MC
CF/2021/15992;12/05/2021;3734756_139987;MC
CF/2021/15993;12/05/2021;3734756_139987;MC
CF/2021/15967;12/05/2021;3734756_139987;MC
CF/2021/14383;12/05/2021;3734756_139987;MC
CF/2021/14358;12/05/2021;3734756_139987;MC
CF/2021/16000;12/05/2021;3734756_139987;MC
CF/2021/15975;12/05/2021;3734756_139987;MC
CF/2021/14390;12/05/2021;3734756_139987;MC
CF/2021/16003;12/05/2021;3734756_139987;MC
CF/2021/15979;12/05/2021;3734756_139987;MC
CF/2021/16006;12/05/2021;3734756_139987;MC
CF/2021/16008;12/05/2021;3734756_139987;MC
CF/2021/16010;12/05/2021;3734756_139987;MC
CF/2021/16016;12/05/2021;3734756_139987;MC
CF/2021/14406;12/05/2021;3734756_139987;MC
CF/2021/14413;12/05/2021;3734756_139987;MC
CF/2021/16051;12/05/2021;3734756_139987;MC
CF/2021/14414;12/05/2021;3734756_139987;MC
CF/2021/16053;12/05/2021;3734756_139987;MC
CF/2021/16028;12/05/2021;3734756_139987;MC
CF/2021/14419;12/05/2021;3734756_139987;MC
CF/2021/16057;12/05/2021;3734756_139987;MC
CF/2021/16032;12/05/2021;3734756_139987;MC
CF/2021/16058;12/05/2021;3734756_139987;MC
CF/2021/14448;12/05/2021;3734756_139987;MC
CF/2021/16061;12/05/2021;3734756_139987;MC
CF/2021/16064;12/05/2021;3734756_139987;MC
CF/2021/14426;12/05/2021;3734756_139987;MC
CF/2021/14429;12/05/2021;3734756_139987;MC
CF/2021/16041;12/05/2021;3734756_139987;MC
CF/2021/16071;12/05/2021;3734756_139987;MC
CF/2021/16075;12/05/2021;3734756_139987;MC
CF/2021/16077;12/05/2021;3734756_139987;MC
CF/2021/16079;12/05/2021;3734756_139987;MC
CF/2021/14468;12/05/2021;3734756_139987;MC
CF/2021/16085;12/05/2021;3734756_139987;MC
CF/2021/14475;12/05/2021;3734756_139987;MC
CF/2021/14502;12/05/2021;3734756_139987;MC
CF/2021/16089;12/05/2021;3734756_139987;MC
CF/2021/16116;12/05/2021;3734756_139987;MC
CF/2021/16117;12/05/2021;3734756_139987;MC
CF/2021/14509;12/05/2021;3734756_139987;MC
CF/2021/16121;12/05/2021;3734756_139987;MC
CF/2021/16096;12/05/2021;3734756_139987;MC
CF/2021/16097;12/05/2021;3734756_139987;MC
CF/2021/16098;12/05/2021;3734756_139987;MC
CF/2021/16126;12/05/2021;3734756_139987;MC
CF/2021/14489;12/05/2021;3734756_139987;MC
CF/2021/16129;12/05/2021;3734756_139987;MC
CF/2021/16106;12/05/2021;3734756_139987;MC
CF/2021/16134;12/05/2021;3734756_139987;MC
CF/2021/14523;12/05/2021;3734756_139987;MC
CF/2021/14560;12/05/2021;3734756_139987;MC
CF/2021/14534;12/05/2021;3734756_139987;MC
CF/2021/16152;12/05/2021;3734756_139987;MC
CF/2021/16178;12/05/2021;3734756_139987;MC
CF/2021/16179;12/05/2021;3734756_139987;MC
CF/2021/16155;12/05/2021;3734756_139987;MC
CF/2021/16157;12/05/2021;3734756_139987;MC
CF/2021/16183;12/05/2021;3734756_139987;MC
CF/2021/14572;12/05/2021;3734756_139987;MC
CF/2021/14574;12/05/2021;3734756_139987;MC
CF/2021/16164;12/05/2021;3734756_139987;MC
CF/2021/16168;12/05/2021;3734756_139987;MC
CF/2021/16171;12/05/2021;3734756_139987;MC
CF/2021/16204;12/05/2021;3734756_139987;MC
CF/2021/16209;12/05/2021;3734756_139987;MC
CF/2021/14627;12/05/2021;3734756_139987;MC
CF/2021/16213;12/05/2021;3734756_139987;MC
CF/2021/14630;12/05/2021;3734756_139987;MC
CF/2021/16244;12/05/2021;3734756_139987;MC
CF/2021/16219;12/05/2021;3734756_139987;MC
CF/2021/14611;12/05/2021;3734756_139987;MC
CF/2021/14637;12/05/2021;3734756_139987;MC
CF/2021/16252;12/05/2021;3734756_139987;MC
CF/2021/16226;12/05/2021;3734756_139987;MC
CF/2021/14645;12/05/2021;3734756_13